{"data":[{"ObjectIdentifier":"S-1-5-21-548670397-972687484-3496335370-500","IsDeleted":false,"IsACLProtected":false,"Properties":{"domain":"SEQUEL.HTB","name":"ADMINISTRATOR@SEQUEL.HTB","domainsid":"S-1-5-21-548670397-972687484-3496335370","isaclprotected":false,"distinguishedname":"CN=ADMINISTRATOR,CN=USERS,DC=SEQUEL,DC=HTB","highvalue":false,"description":"Built-in account for administering the computer/domain","whencreated":1717864790,"sensitive":false,"dontreqpreauth":false,"passwordnotreqd":false,"unconstraineddelegation":false,"pwdneverexpires":true,"enabled":true,"trustedtoauth":false,"lastlogon":1756744132,"lastlogontimestamp":1756744101,"pwdlastset":1717864340,"serviceprincipalnames":[],"hasspn":false,"displayname":"","email":"","title":"","homedirectory":"","logonscript":"","useraccountcontrol":66048,"samaccountname":"Administrator","userpassword":"","unixpassword":"","unicodepassword":"","sfupassword":"","admincount":true,"supportedencryptiontypes":[],"sidhistory":[],"allowedtodelegate":[]},"PrimaryGroupSID":"S-1-5-21-548670397-972687484-3496335370-513","SPNTargets":[],"UnconstrainedDelegation":false,"DomainSID":"S-1-5-21-548670397-972687484-3496335370","Aces":[{"PrincipalSID":"S-1-5-21-548670397-972687484-3496335370-512","PrincipalType":"Group","RightName":"Owns","IsInherited":false,"InheritanceHash":""},{"PrincipalSID":"S-1-5-21-548670397-972687484-3496335370-512","PrincipalType":"Group","RightName":"GenericWrite","IsInherited":false,"InheritanceHash":""},{"PrincipalSID":"S-1-5-21-548670397-972687484-3496335370-512","PrincipalType":"Group","RightName":"WriteOwner","IsInherited":false,"InheritanceHash":""},{"PrincipalSID":"S-1-5-21-548670397-972687484-3496335370-512","PrincipalType":"Group","RightName":"AllExtendedRights","IsInherited":false,"InheritanceHash":""},{"PrincipalSID":"S-1-5-21-548670397-972687484-3496335370-512","PrincipalType":"Group","RightName":"WriteDacl","IsInherited":false,"InheritanceHash":""},{"PrincipalSID":"S-1-5-21-548670397-972687484-3496335370-519","PrincipalType":"Group","RightName":"GenericWrite","IsInherited":false,"InheritanceHash":""},{"PrincipalSID":"S-1-5-21-548670397-972687484-3496335370-519","PrincipalType":"Group","RightName":"WriteOwner","IsInherited":false,"InheritanceHash":""},{"PrincipalSID":"S-1-5-21-548670397-972687484-3496335370-519","PrincipalType":"Group","RightName":"AllExtendedRights","IsInherited":false,"InheritanceHash":""},{"PrincipalSID":"S-1-5-21-548670397-972687484-3496335370-519","PrincipalType":"Group","RightName":"WriteDacl","IsInherited":false,"InheritanceHash":""},{"PrincipalSID":"SEQUEL.HTB-S-1-5-32-544","PrincipalType":"Group","RightName":"GenericWrite","IsInherited":false,"InheritanceHash":""},{"PrincipalSID":"SEQUEL.HTB-S-1-5-32-544","PrincipalType":"Group","RightName":"WriteOwner","IsInherited":false,"InheritanceHash":""},{"PrincipalSID":"SEQUEL.HTB-S-1-5-32-544","PrincipalType":"Group","RightName":"AllExtendedRights","IsInherited":false,"InheritanceHash":""},{"PrincipalSID":"SEQUEL.HTB-S-1-5-32-544","PrincipalType":"Group","RightName":"WriteDacl","IsInherited":false,"InheritanceHash":""}],"AllowedToDelegate":[],"HasSIDHistory":[],"ContainedBy":{"ObjectIdentifier":"A84DA237-44F0-48C1-8E80-67059AFAF147","ObjectType":"Container"}},{"ObjectIdentifier":"S-1-5-21-548670397-972687484-3496335370-501","IsDeleted":false,"IsACLProtected":false,"Properties":{"domain":"SEQUEL.HTB","name":"GUEST@SEQUEL.HTB","domainsid":"S-1-5-21-548670397-972687484-3496335370","isaclprotected":false,"distinguishedname":"CN=GUEST,CN=USERS,DC=SEQUEL,DC=HTB","highvalue":false,"description":"Built-in account for guest access to the computer/domain","whencreated":1717864790,"sensitive":false,"dontreqpreauth":false,"passwordnotreqd":true,"unconstraineddelegation":false,"pwdneverexpires":true,"enabled":false,"trustedtoauth":false,"lastlogon":0,"lastlogontimestamp":1717931412,"pwdlastset":1735137893,"serviceprincipalnames":[],"hasspn":false,"displayname":"","email":"","title":"","homedirectory":"","logonscript":"","useraccountcontrol":66082,"samaccountname":"Guest","userpassword":"","unixpassword":"","unicodepassword":"","sfupassword":"","admincount":false,"supportedencryptiontypes":[],"sidhistory":[],"allowedtodelegate":[]},"PrimaryGroupSID":"S-1-5-21-548670397-972687484-3496335370-514","SPNTargets":[],"UnconstrainedDelegation":false,"DomainSID":"S-1-5-21-548670397-972687484-3496335370","Aces":[{"PrincipalSID":"SEQUEL.HTB-S-1-5-32-544","PrincipalType":"Group","RightName":"Owns","IsInherited":false,"InheritanceHash":""},{"PrincipalSID":"S-1-5-21-548670397-972687484-3496335370-512","PrincipalType":"Group","RightName":"GenericAll","IsInherited":false,"InheritanceHash":""},{"PrincipalSID":"SEQUEL.HTB-S-1-5-32-548","PrincipalType":"Group","RightName":"GenericAll","IsInherited":false,"InheritanceHash":""},{"PrincipalSID":"S-1-5-21-548670397-972687484-3496335370-526","PrincipalType":"Group","RightName":"AddKeyCredentialLink","IsInherited":true,"InheritanceHash":""},{"PrincipalSID":"S-1-5-21-548670397-972687484-3496335370-527","PrincipalType":"Group","RightName":"AddKeyCredentialLink","IsInherited":true,"InheritanceHash":""},{"PrincipalSID":"S-1-5-21-548670397-972687484-3496335370-519","PrincipalType":"Group","RightName":"GenericAll","IsInherited":true,"InheritanceHash":""},{"PrincipalSID":"SEQUEL.HTB-S-1-5-32-544","PrincipalType":"Group","RightName":"GenericWrite","IsInherited":true,"InheritanceHash":""},{"PrincipalSID":"SEQUEL.HTB-S-1-5-32-544","PrincipalType":"Group","RightName":"WriteOwner","IsInherited":true,"InheritanceHash":""},{"PrincipalSID":"SEQUEL.HTB-S-1-5-32-544","PrincipalType":"Group","RightName":"AllExtendedRights","IsInherited":true,"InheritanceHash":""},{"PrincipalSID":"SEQUEL.HTB-S-1-5-32-544","PrincipalType":"Group","RightName":"WriteDacl","IsInherited":true,"InheritanceHash":""}],"AllowedToDelegate":[],"HasSIDHistory":[],"ContainedBy":{"ObjectIdentifier":"A84DA237-44F0-48C1-8E80-67059AFAF147","ObjectType":"Container"}},{"ObjectIdentifier":"S-1-5-21-548670397-972687484-3496335370-502","IsDeleted":false,"IsACLProtected":false,"Properties":{"domain":"SEQUEL.HTB","name":"KRBTGT@SEQUEL.HTB","domainsid":"S-1-5-21-548670397-972687484-3496335370","isaclprotected":false,"distinguishedname":"CN=KRBTGT,CN=USERS,DC=SEQUEL,DC=HTB","highvalue":false,"description":"Key Distribution Center Service Account","whencreated":1717864823,"sensitive":false,"dontreqpreauth":false,"passwordnotreqd":false,"unconstraineddelegation":false,"pwdneverexpires":false,"enabled":false,"trustedtoauth":false,"lastlogon":0,"lastlogontimestamp":0,"pwdlastset":1717864823,"serviceprincipalnames":["kadmin/changepw"],"hasspn":true,"displayname":"","email":"","title":"","homedirectory":"","logonscript":"","useraccountcontrol":514,"samaccountname":"krbtgt","userpassword":"","unixpassword":"","unicodepassword":"","sfupassword":"","admincount":true,"supportedencryptiontypes":["Not defined"],"sidhistory":[],"allowedtodelegate":[]},"PrimaryGroupSID":"S-1-5-21-548670397-972687484-3496335370-513","SPNTargets":[],"UnconstrainedDelegation":false,"DomainSID":"S-1-5-21-548670397-972687484-3496335370","Aces":[{"PrincipalSID":"S-1-5-21-548670397-972687484-3496335370-512","PrincipalType":"Group","RightName":"Owns","IsInherited":false,"InheritanceHash":""},{"PrincipalSID":"S-1-5-21-548670397-972687484-3496335370-512","PrincipalType":"Group","RightName":"GenericWrite","IsInherited":false,"InheritanceHash":""},{"PrincipalSID":"S-1-5-21-548670397-972687484-3496335370-512","PrincipalType":"Group","RightName":"WriteOwner","IsInherited":false,"InheritanceHash":""},{"PrincipalSID":"S-1-5-21-548670397-972687484-3496335370-512","PrincipalType":"Group","RightName":"AllExtendedRights","IsInherited":false,"InheritanceHash":""},{"PrincipalSID":"S-1-5-21-548670397-972687484-3496335370-512","PrincipalType":"Group","RightName":"WriteDacl","IsInherited":false,"InheritanceHash":""},{"PrincipalSID":"S-1-5-21-548670397-972687484-3496335370-519","PrincipalType":"Group","RightName":"GenericWrite","IsInherited":false,"InheritanceHash":""},{"PrincipalSID":"S-1-5-21-548670397-972687484-3496335370-519","PrincipalType":"Group","RightName":"WriteOwner","IsInherited":false,"InheritanceHash":""},{"PrincipalSID":"S-1-5-21-548670397-972687484-3496335370-519","PrincipalType":"Group","RightName":"AllExtendedRights","IsInherited":false,"InheritanceHash":""},{"PrincipalSID":"S-1-5-21-548670397-972687484-3496335370-519","PrincipalType":"Group","RightName":"WriteDacl","IsInherited":false,"InheritanceHash":""},{"PrincipalSID":"SEQUEL.HTB-S-1-5-32-544","PrincipalType":"Group","RightName":"GenericWrite","IsInherited":false,"InheritanceHash":""},{"PrincipalSID":"SEQUEL.HTB-S-1-5-32-544","PrincipalType":"Group","RightName":"WriteOwner","IsInherited":false,"InheritanceHash":""},{"PrincipalSID":"SEQUEL.HTB-S-1-5-32-544","PrincipalType":"Group","RightName":"AllExtendedRights","IsInherited":false,"InheritanceHash":""},{"PrincipalSID":"SEQUEL.HTB-S-1-5-32-544","PrincipalType":"Group","RightName":"WriteDacl","IsInherited":false,"InheritanceHash":""}],"AllowedToDelegate":[],"HasSIDHistory":[],"ContainedBy":{"ObjectIdentifier":"A84DA237-44F0-48C1-8E80-67059AFAF147","ObjectType":"Container"}},{"ObjectIdentifier":"S-1-5-21-548670397-972687484-3496335370-1103","IsDeleted":false,"IsACLProtected":false,"Properties":{"domain":"SEQUEL.HTB","name":"MICHAEL@SEQUEL.HTB","domainsid":"S-1-5-21-548670397-972687484-3496335370","isaclprotected":false,"distinguishedname":"CN=MICAEL SCOTT,CN=USERS,DC=SEQUEL,DC=HTB","highvalue":false,"description":null,"whencreated":1717865257,"sensitive":false,"dontreqpreauth":false,"passwordnotreqd":false,"unconstraineddelegation":false,"pwdneverexpires":true,"enabled":true,"trustedtoauth":false,"lastlogon":0,"lastlogontimestamp":0,"pwdlastset":1717865257,"serviceprincipalnames":[],"hasspn":false,"displayname":"Micael Scott","email":"","title":"","homedirectory":"","logonscript":"","useraccountcontrol":66048,"samaccountname":"michael","userpassword":"","unixpassword":"","unicodepassword":"","sfupassword":"","admincount":false,"supportedencryptiontypes":[],"sidhistory":[],"allowedtodelegate":[]},"PrimaryGroupSID":"S-1-5-21-548670397-972687484-3496335370-513","SPNTargets":[],"UnconstrainedDelegation":false,"DomainSID":"S-1-5-21-548670397-972687484-3496335370","Aces":[{"PrincipalSID":"S-1-5-21-548670397-972687484-3496335370-512","PrincipalType":"Group","RightName":"Owns","IsInherited":false,"InheritanceHash":""},{"PrincipalSID":"S-1-5-21-548670397-972687484-3496335370-512","PrincipalType":"Group","RightName":"GenericAll","IsInherited":false,"InheritanceHash":""},{"PrincipalSID":"SEQUEL.HTB-S-1-5-32-548","PrincipalType":"Group","RightName":"GenericAll","IsInherited":false,"InheritanceHash":""},{"PrincipalSID":"S-1-5-21-548670397-972687484-3496335370-526","PrincipalType":"Group","RightName":"AddKeyCredentialLink","IsInherited":true,"InheritanceHash":""},{"PrincipalSID":"S-1-5-21-548670397-972687484-3496335370-527","PrincipalType":"Group","RightName":"AddKeyCredentialLink","IsInherited":true,"InheritanceHash":""},{"PrincipalSID":"S-1-5-21-548670397-972687484-3496335370-519","PrincipalType":"Group","RightName":"GenericAll","IsInherited":true,"InheritanceHash":""},{"PrincipalSID":"SEQUEL.HTB-S-1-5-32-544","PrincipalType":"Group","RightName":"GenericWrite","IsInherited":true,"InheritanceHash":""},{"PrincipalSID":"SEQUEL.HTB-S-1-5-32-544","PrincipalType":"Group","RightName":"WriteOwner","IsInherited":true,"InheritanceHash":""},{"PrincipalSID":"SEQUEL.HTB-S-1-5-32-544","PrincipalType":"Group","RightName":"AllExtendedRights","IsInherited":true,"InheritanceHash":""},{"PrincipalSID":"SEQUEL.HTB-S-1-5-32-544","PrincipalType":"Group","RightName":"WriteDacl","IsInherited":true,"InheritanceHash":""}],"AllowedToDelegate":[],"HasSIDHistory":[],"ContainedBy":{"ObjectIdentifier":"A84DA237-44F0-48C1-8E80-67059AFAF147","ObjectType":"Container"}},{"ObjectIdentifier":"S-1-5-21-548670397-972687484-3496335370-1114","IsDeleted":false,"IsACLProtected":false,"Properties":{"domain":"SEQUEL.HTB","name":"RYAN@SEQUEL.HTB","domainsid":"S-1-5-21-548670397-972687484-3496335370","isaclprotected":false,"distinguishedname":"CN=RYAN HOWARD,CN=USERS,DC=SEQUEL,DC=HTB","highvalue":false,"description":null,"whencreated":1717865745,"sensitive":false,"dontreqpreauth":false,"passwordnotreqd":false,"unconstraineddelegation":false,"pwdneverexpires":true,"enabled":true,"trustedtoauth":false,"lastlogon":1717953386,"lastlogontimestamp":1756802438,"pwdlastset":1717865745,"serviceprincipalnames":[],"hasspn":false,"displayname":"Ryan Howard","email":"","title":"","homedirectory":"","logonscript":"","useraccountcontrol":66048,"samaccountname":"ryan","userpassword":"","unixpassword":"","unicodepassword":"","sfupassword":"","admincount":false,"supportedencryptiontypes":[],"sidhistory":[],"allowedtodelegate":[]},"PrimaryGroupSID":"S-1-5-21-548670397-972687484-3496335370-513","SPNTargets":[],"UnconstrainedDelegation":false,"DomainSID":"S-1-5-21-548670397-972687484-3496335370","Aces":[{"PrincipalSID":"S-1-5-21-548670397-972687484-3496335370-512","PrincipalType":"Group","RightName":"Owns","IsInherited":false,"InheritanceHash":""},{"PrincipalSID":"S-1-5-21-548670397-972687484-3496335370-512","PrincipalType":"Group","RightName":"GenericAll","IsInherited":false,"InheritanceHash":""},{"PrincipalSID":"SEQUEL.HTB-S-1-5-32-548","PrincipalType":"Group","RightName":"GenericAll","IsInherited":false,"InheritanceHash":""},{"PrincipalSID":"S-1-5-21-548670397-972687484-3496335370-526","PrincipalType":"Group","RightName":"AddKeyCredentialLink","IsInherited":true,"InheritanceHash":""},{"PrincipalSID":"S-1-5-21-548670397-972687484-3496335370-527","PrincipalType":"Group","RightName":"AddKeyCredentialLink","IsInherited":true,"InheritanceHash":""},{"PrincipalSID":"S-1-5-21-548670397-972687484-3496335370-519","PrincipalType":"Group","RightName":"GenericAll","IsInherited":true,"InheritanceHash":""},{"PrincipalSID":"SEQUEL.HTB-S-1-5-32-544","PrincipalType":"Group","RightName":"GenericWrite","IsInherited":true,"InheritanceHash":""},{"PrincipalSID":"SEQUEL.HTB-S-1-5-32-544","PrincipalType":"Group","RightName":"WriteOwner","IsInherited":true,"InheritanceHash":""},{"PrincipalSID":"SEQUEL.HTB-S-1-5-32-544","PrincipalType":"Group","RightName":"AllExtendedRights","IsInherited":true,"InheritanceHash":""},{"PrincipalSID":"SEQUEL.HTB-S-1-5-32-544","PrincipalType":"Group","RightName":"WriteDacl","IsInherited":true,"InheritanceHash":""}],"AllowedToDelegate":[],"HasSIDHistory":[],"ContainedBy":{"ObjectIdentifier":"A84DA237-44F0-48C1-8E80-67059AFAF147","ObjectType":"Container"}},{"ObjectIdentifier":"S-1-5-21-548670397-972687484-3496335370-1116","IsDeleted":false,"IsACLProtected":false,"Properties":{"domain":"SEQUEL.HTB","name":"OSCAR@SEQUEL.HTB","domainsid":"S-1-5-21-548670397-972687484-3496335370","isaclprotected":false,"distinguishedname":"CN=OSCAR MARTINEZ,CN=USERS,DC=SEQUEL,DC=HTB","highvalue":false,"description":null,"whencreated":1717865796,"sensitive":false,"dontreqpreauth":false,"passwordnotreqd":false,"unconstraineddelegation":false,"pwdneverexpires":true,"enabled":true,"trustedtoauth":false,"lastlogon":1756749196,"lastlogontimestamp":1756749196,"pwdlastset":1717865796,"serviceprincipalnames":[],"hasspn":false,"displayname":"Oscar Martinez","email":"","title":"","homedirectory":"","logonscript":"","useraccountcontrol":66048,"samaccountname":"oscar","userpassword":"","unixpassword":"","unicodepassword":"","sfupassword":"","admincount":false,"supportedencryptiontypes":[],"sidhistory":[],"allowedtodelegate":[]},"PrimaryGroupSID":"S-1-5-21-548670397-972687484-3496335370-513","SPNTargets":[],"UnconstrainedDelegation":false,"DomainSID":"S-1-5-21-548670397-972687484-3496335370","Aces":[{"PrincipalSID":"S-1-5-21-548670397-972687484-3496335370-512","PrincipalType":"Group","RightName":"Owns","IsInherited":false,"InheritanceHash":""},{"PrincipalSID":"S-1-5-21-548670397-972687484-3496335370-512","PrincipalType":"Group","RightName":"GenericAll","IsInherited":false,"InheritanceHash":""},{"PrincipalSID":"SEQUEL.HTB-S-1-5-32-548","PrincipalType":"Group","RightName":"GenericAll","IsInherited":false,"InheritanceHash":""},{"PrincipalSID":"S-1-5-21-548670397-972687484-3496335370-526","PrincipalType":"Group","RightName":"AddKeyCredentialLink","IsInherited":true,"InheritanceHash":""},{"PrincipalSID":"S-1-5-21-548670397-972687484-3496335370-527","PrincipalType":"Group","RightName":"AddKeyCredentialLink","IsInherited":true,"InheritanceHash":""},{"PrincipalSID":"S-1-5-21-548670397-972687484-3496335370-519","PrincipalType":"Group","RightName":"GenericAll","IsInherited":true,"InheritanceHash":""},{"PrincipalSID":"SEQUEL.HTB-S-1-5-32-544","PrincipalType":"Group","RightName":"GenericWrite","IsInherited":true,"InheritanceHash":""},{"PrincipalSID":"SEQUEL.HTB-S-1-5-32-544","PrincipalType":"Group","RightName":"WriteOwner","IsInherited":true,"InheritanceHash":""},{"PrincipalSID":"SEQUEL.HTB-S-1-5-32-544","PrincipalType":"Group","RightName":"AllExtendedRights","IsInherited":true,"InheritanceHash":""},{"PrincipalSID":"SEQUEL.HTB-S-1-5-32-544","PrincipalType":"Group","RightName":"WriteDacl","IsInherited":true,"InheritanceHash":""}],"AllowedToDelegate":[],"HasSIDHistory":[],"ContainedBy":{"ObjectIdentifier":"A84DA237-44F0-48C1-8E80-67059AFAF147","ObjectType":"Container"}},{"ObjectIdentifier":"S-1-5-21-548670397-972687484-3496335370-1122","IsDeleted":false,"IsACLProtected":false,"Properties":{"domain":"SEQUEL.HTB","name":"SQL_SVC@SEQUEL.HTB","domainsid":"S-1-5-21-548670397-972687484-3496335370","isaclprotected":false,"distinguishedname":"CN=SQL SERVICE,CN=USERS,DC=SEQUEL,DC=HTB","highvalue":false,"description":null,"whencreated":1717870453,"sensitive":false,"dontreqpreauth":false,"passwordnotreqd":false,"unconstraineddelegation":false,"pwdneverexpires":true,"enabled":true,"trustedtoauth":false,"lastlogon":1756744132,"lastlogontimestamp":1756744132,"pwdlastset":1717919922,"serviceprincipalnames":["sequel.htb/sql_svc.DC01"],"hasspn":true,"displayname":"SQL Service","email":"","title":"","homedirectory":"","logonscript":"","useraccountcontrol":66048,"samaccountname":"sql_svc","userpassword":"","unixpassword":"","unicodepassword":"","sfupassword":"","admincount":false,"supportedencryptiontypes":[],"sidhistory":[],"allowedtodelegate":[]},"PrimaryGroupSID":"S-1-5-21-548670397-972687484-3496335370-513","SPNTargets":[],"UnconstrainedDelegation":false,"DomainSID":"S-1-5-21-548670397-972687484-3496335370","Aces":[{"PrincipalSID":"S-1-5-21-548670397-972687484-3496335370-512","PrincipalType":"Group","RightName":"Owns","IsInherited":false,"InheritanceHash":""},{"PrincipalSID":"S-1-5-21-548670397-972687484-3496335370-512","PrincipalType":"Group","RightName":"GenericAll","IsInherited":false,"InheritanceHash":""},{"PrincipalSID":"SEQUEL.HTB-S-1-5-32-548","PrincipalType":"Group","RightName":"GenericAll","IsInherited":false,"InheritanceHash":""},{"PrincipalSID":"S-1-5-21-548670397-972687484-3496335370-526","PrincipalType":"Group","RightName":"AddKeyCredentialLink","IsInherited":true,"InheritanceHash":""},{"PrincipalSID":"S-1-5-21-548670397-972687484-3496335370-527","PrincipalType":"Group","RightName":"AddKeyCredentialLink","IsInherited":true,"InheritanceHash":""},{"PrincipalSID":"S-1-5-21-548670397-972687484-3496335370-519","PrincipalType":"Group","RightName":"GenericAll","IsInherited":true,"InheritanceHash":""},{"PrincipalSID":"SEQUEL.HTB-S-1-5-32-544","PrincipalType":"Group","RightName":"GenericWrite","IsInherited":true,"InheritanceHash":""},{"PrincipalSID":"SEQUEL.HTB-S-1-5-32-544","PrincipalType":"Group","RightName":"WriteOwner","IsInherited":true,"InheritanceHash":""},{"PrincipalSID":"SEQUEL.HTB-S-1-5-32-544","PrincipalType":"Group","RightName":"AllExtendedRights","IsInherited":true,"InheritanceHash":""},{"PrincipalSID":"SEQUEL.HTB-S-1-5-32-544","PrincipalType":"Group","RightName":"WriteDacl","IsInherited":true,"InheritanceHash":""}],"AllowedToDelegate":[],"HasSIDHistory":[],"ContainedBy":{"ObjectIdentifier":"A84DA237-44F0-48C1-8E80-67059AFAF147","ObjectType":"Container"}},{"ObjectIdentifier":"S-1-5-21-548670397-972687484-3496335370-1601","IsDeleted":false,"IsACLProtected":false,"Properties":{"domain":"SEQUEL.HTB","name":"ROSE@SEQUEL.HTB","domainsid":"S-1-5-21-548670397-972687484-3496335370","isaclprotected":false,"distinguishedname":"CN=ROSE FOX,CN=USERS,DC=SEQUEL,DC=HTB","highvalue":false,"description":null,"whencreated":1717924895,"sensitive":false,"dontreqpreauth":false,"passwordnotreqd":false,"unconstraineddelegation":false,"pwdneverexpires":true,"enabled":true,"trustedtoauth":false,"lastlogon":1717944134,"lastlogontimestamp":1756746901,"pwdlastset":1735137894,"serviceprincipalnames":[],"hasspn":false,"displayname":"Rose Fox","email":"","title":"","homedirectory":"","logonscript":"","useraccountcontrol":66048,"samaccountname":"rose","userpassword":"","unixpassword":"","unicodepassword":"","sfupassword":"","admincount":false,"supportedencryptiontypes":["Not defined"],"sidhistory":[],"allowedtodelegate":[]},"PrimaryGroupSID":"S-1-5-21-548670397-972687484-3496335370-513","SPNTargets":[],"UnconstrainedDelegation":false,"DomainSID":"S-1-5-21-548670397-972687484-3496335370","Aces":[{"PrincipalSID":"S-1-5-21-548670397-972687484-3496335370-512","PrincipalType":"Group","RightName":"Owns","IsInherited":false,"InheritanceHash":""},{"PrincipalSID":"S-1-5-21-548670397-972687484-3496335370-512","PrincipalType":"Group","RightName":"GenericAll","IsInherited":false,"InheritanceHash":""},{"PrincipalSID":"SEQUEL.HTB-S-1-5-32-548","PrincipalType":"Group","RightName":"GenericAll","IsInherited":false,"InheritanceHash":""},{"PrincipalSID":"S-1-5-21-548670397-972687484-3496335370-526","PrincipalType":"Group","RightName":"AddKeyCredentialLink","IsInherited":true,"InheritanceHash":""},{"PrincipalSID":"S-1-5-21-548670397-972687484-3496335370-527","PrincipalType":"Group","RightName":"AddKeyCredentialLink","IsInherited":true,"InheritanceHash":""},{"PrincipalSID":"S-1-5-21-548670397-972687484-3496335370-519","PrincipalType":"Group","RightName":"GenericAll","IsInherited":true,"InheritanceHash":""},{"PrincipalSID":"SEQUEL.HTB-S-1-5-32-544","PrincipalType":"Group","RightName":"GenericWrite","IsInherited":true,"InheritanceHash":""},{"PrincipalSID":"SEQUEL.HTB-S-1-5-32-544","PrincipalType":"Group","RightName":"WriteOwner","IsInherited":true,"InheritanceHash":""},{"PrincipalSID":"SEQUEL.HTB-S-1-5-32-544","PrincipalType":"Group","RightName":"AllExtendedRights","IsInherited":true,"InheritanceHash":""},{"PrincipalSID":"SEQUEL.HTB-S-1-5-32-544","PrincipalType":"Group","RightName":"WriteDacl","IsInherited":true,"InheritanceHash":""}],"AllowedToDelegate":[],"HasSIDHistory":[],"ContainedBy":{"ObjectIdentifier":"A84DA237-44F0-48C1-8E80-67059AFAF147","ObjectType":"Container"}},{"ObjectIdentifier":"S-1-5-21-548670397-972687484-3496335370-1607","IsDeleted":false,"IsACLProtected":false,"Properties":{"domain":"SEQUEL.HTB","name":"CA_SVC@SEQUEL.HTB","domainsid":"S-1-5-21-548670397-972687484-3496335370","isaclprotected":false,"distinguishedname":"CN=CERTIFICATION AUTHORITY,CN=USERS,DC=SEQUEL,DC=HTB","highvalue":false,"description":null,"whencreated":1717953227,"sensitive":false,"dontreqpreauth":false,"passwordnotreqd":false,"unconstraineddelegation":false,"pwdneverexpires":true,"enabled":true,"trustedtoauth":false,"lastlogon":1717953282,"lastlogontimestamp":1717953282,"pwdlastset":1756804049,"serviceprincipalnames":["sequel.htb/ca_svc.DC01"],"hasspn":true,"displayname":"Certification Authority","email":"","title":"","homedirectory":"","logonscript":"","useraccountcontrol":66048,"samaccountname":"ca_svc","userpassword":"","unixpassword":"","unicodepassword":"","sfupassword":"","admincount":false,"supportedencryptiontypes":[],"sidhistory":[],"allowedtodelegate":[]},"PrimaryGroupSID":"S-1-5-21-548670397-972687484-3496335370-513","SPNTargets":[],"UnconstrainedDelegation":false,"DomainSID":"S-1-5-21-548670397-972687484-3496335370","Aces":[{"PrincipalSID":"S-1-5-21-548670397-972687484-3496335370-512","PrincipalType":"Group","RightName":"Owns","IsInherited":false,"InheritanceHash":""},{"PrincipalSID":"S-1-5-21-548670397-972687484-3496335370-512","PrincipalType":"Group","RightName":"GenericAll","IsInherited":false,"InheritanceHash":""},{"PrincipalSID":"S-1-5-21-548670397-972687484-3496335370-1114","PrincipalType":"User","RightName":"WriteOwner","IsInherited":false,"InheritanceHash":""},{"PrincipalSID":"SEQUEL.HTB-S-1-5-32-548","PrincipalType":"Group","RightName":"GenericAll","IsInherited":false,"InheritanceHash":""},{"PrincipalSID":"S-1-5-21-548670397-972687484-3496335370-526","PrincipalType":"Group","RightName":"AddKeyCredentialLink","IsInherited":true,"InheritanceHash":""},{"PrincipalSID":"S-1-5-21-548670397-972687484-3496335370-527","PrincipalType":"Group","RightName":"AddKeyCredentialLink","IsInherited":true,"InheritanceHash":""},{"PrincipalSID":"S-1-5-21-548670397-972687484-3496335370-519","PrincipalType":"Group","RightName":"GenericAll","IsInherited":true,"InheritanceHash":""},{"PrincipalSID":"SEQUEL.HTB-S-1-5-32-544","PrincipalType":"Group","RightName":"GenericWrite","IsInherited":true,"InheritanceHash":""},{"PrincipalSID":"SEQUEL.HTB-S-1-5-32-544","PrincipalType":"Group","RightName":"WriteOwner","IsInherited":true,"InheritanceHash":""},{"PrincipalSID":"SEQUEL.HTB-S-1-5-32-544","PrincipalType":"Group","RightName":"AllExtendedRights","IsInherited":true,"InheritanceHash":""},{"PrincipalSID":"SEQUEL.HTB-S-1-5-32-544","PrincipalType":"Group","RightName":"WriteDacl","IsInherited":true,"InheritanceHash":""}],"AllowedToDelegate":[],"HasSIDHistory":[],"ContainedBy":{"ObjectIdentifier":"A84DA237-44F0-48C1-8E80-67059AFAF147","ObjectType":"Container"}},{"ObjectIdentifier":"SEQUEL.HTB-S-1-5-20","IsDeleted":false,"IsACLProtected":false,"Properties":{"domain":"","name":"NT AUTHORITY@SEQUEL.HTB","domainsid":"S-1-5-21-548670397-972687484-3496335370","isaclprotected":false,"distinguishedname":"","highvalue":false,"description":null,"whencreated":0,"sensitive":false,"dontreqpreauth":false,"passwordnotreqd":false,"unconstraineddelegation":false,"pwdneverexpires":false,"enabled":false,"trustedtoauth":false,"lastlogon":0,"lastlogontimestamp":0,"pwdlastset":0,"serviceprincipalnames":[],"hasspn":false,"displayname":"","email":"","title":"","homedirectory":"","logonscript":"","useraccountcontrol":0,"samaccountname":"","userpassword":"","unixpassword":"","unicodepassword":"","sfupassword":"","admincount":false,"supportedencryptiontypes":[],"sidhistory":[],"allowedtodelegate":[]},"PrimaryGroupSID":"","SPNTargets":[],"UnconstrainedDelegation":false,"DomainSID":"","Aces":[],"AllowedToDelegate":[],"HasSIDHistory":[],"ContainedBy":{"ObjectIdentifier":"E0386588-6971-4322-887C-99F28540A57D","ObjectType":"Container"}}],"meta":{"methods":0,"type":"users","count":10,"version":6,"collectorversion":"RustHound-CE v2.4.0"}}