{"data":[{"Properties":{"domain":"SEQUEL.HTB","name":"SEQUEL-DC01-CA@SEQUEL.HTB","distinguishedname":"CN=SEQUEL-DC01-CA,CN=CERTIFICATION AUTHORITIES,CN=PUBLIC KEY SERVICES,CN=SERVICES,CN=CONFIGURATION,DC=SEQUEL,DC=HTB","domainsid":"S-1-5-21-548670397-972687484-3496335370","isaclprotected":false,"description":null,"whencreated":1717866040,"certthumbprint":"4C4A178BF30A37D8E21D5C5CE634C8552E5769F9","certname":"4C4A178BF30A37D8E21D5C5CE634C8552E5769F9","certchain":["4C4A178BF30A37D8E21D5C5CE634C8552E5769F9"],"hasbasicconstraints":false,"basicconstraintpathlength":0},"DomainSID":"S-1-5-21-548670397-972687484-3496335370","Aces":[{"PrincipalSID":"S-1-5-21-548670397-972687484-3496335370-519","PrincipalType":"Group","RightName":"Owns","IsInherited":false,"InheritanceHash":""},{"PrincipalSID":"S-1-5-21-548670397-972687484-3496335370-512","PrincipalType":"Group","RightName":"GenericAll","IsInherited":false,"InheritanceHash":""},{"PrincipalSID":"S-1-5-21-548670397-972687484-3496335370-517","PrincipalType":"Group","RightName":"GenericAll","IsInherited":false,"InheritanceHash":""},{"PrincipalSID":"S-1-5-21-548670397-972687484-3496335370-519","PrincipalType":"Group","RightName":"GenericAll","IsInherited":false,"InheritanceHash":""},{"PrincipalSID":"SEQUEL.HTB-S-1-5-32-544","PrincipalType":"Group","RightName":"GenericAll","IsInherited":false,"InheritanceHash":""},{"PrincipalSID":"S-1-5-21-548670397-972687484-3496335370-519","PrincipalType":"Group","RightName":"GenericAll","IsInherited":true,"InheritanceHash":""},{"PrincipalSID":"S-1-5-21-548670397-972687484-3496335370-512","PrincipalType":"Group","RightName":"GenericWrite","IsInherited":true,"InheritanceHash":""},{"PrincipalSID":"S-1-5-21-548670397-972687484-3496335370-512","PrincipalType":"Group","RightName":"WriteOwner","IsInherited":true,"InheritanceHash":""},{"PrincipalSID":"S-1-5-21-548670397-972687484-3496335370-512","PrincipalType":"Group","RightName":"WriteDacl","IsInherited":true,"InheritanceHash":""},{"PrincipalSID":"S-1-5-21-548670397-972687484-3496335370-512","PrincipalType":"Group","RightName":"ManageCA","IsInherited":true,"InheritanceHash":""}],"ObjectIdentifier":"94FE122E-5619-48B2-B0F6-194FBD276CAC","IsDeleted":false,"IsACLProtected":false,"ContainedBy":{"ObjectIdentifier":"53076C80-64C2-42CB-80EA-AB70CE075A51","ObjectType":"Container"}}],"meta":{"methods":0,"type":"rootcas","count":1,"version":6,"collectorversion":"RustHound-CE v2.4.0"}}