{"data":[{"Properties":{"domain":"SEQUEL.HTB","name":"DC01.SEQUEL.HTB","distinguishedname":"CN=DC01,OU=DOMAIN CONTROLLERS,DC=SEQUEL,DC=HTB","domainsid":"S-1-5-21-548670397-972687484-3496335370","isaclprotected":false,"highvalue":false,"samaccountname":"DC01$","haslaps":false,"description":null,"whencreated":1717864823,"enabled":true,"unconstraineddelegation":true,"trustedtoauth":false,"lastlogon":1756801676,"lastlogontimestamp":1756744095,"pwdlastset":1735042887,"passwordnotreqd":false,"pwdneverexpires":false,"serviceprincipalnames":["Dfsr-12F9A27C-BF97-4787-9364-D31B6C55EB04/DC01.sequel.htb","ldap/DC01.sequel.htb/ForestDnsZones.sequel.htb","ldap/DC01.sequel.htb/DomainDnsZones.sequel.htb","DNS/DC01.sequel.htb","GC/DC01.sequel.htb/sequel.htb","RestrictedKrbHost/DC01.sequel.htb","RestrictedKrbHost/DC01","RPC/0ddc47e2-c21f-47c7-b49d-52156f64a4d7._msdcs.sequel.htb","HOST/DC01/SEQUEL","HOST/DC01.sequel.htb/SEQUEL","HOST/DC01","HOST/DC01.sequel.htb","HOST/DC01.sequel.htb/sequel.htb","E3514235-4B06-11D1-AB04-00C04FC2DCD2/0ddc47e2-c21f-47c7-b49d-52156f64a4d7/sequel.htb","ldap/DC01/SEQUEL","ldap/0ddc47e2-c21f-47c7-b49d-52156f64a4d7._msdcs.sequel.htb","ldap/DC01.sequel.htb/SEQUEL","ldap/DC01","ldap/DC01.sequel.htb","ldap/DC01.sequel.htb/sequel.htb"],"operatingsystem":"Windows Server 2019 Standard","sidhistory":[],"supportedencryptiontypes":["RC4-HMAC-MD5","AES128-CTS-HMAC-SHA1-96","AES256-CTS-HMAC-SHA1-96"]},"Aces":[{"PrincipalSID":"S-1-5-21-548670397-972687484-3496335370-512","PrincipalType":"Group","RightName":"Owns","IsInherited":false,"InheritanceHash":""},{"PrincipalSID":"S-1-5-21-548670397-972687484-3496335370-512","PrincipalType":"Group","RightName":"AllExtendedRights","IsInherited":false,"InheritanceHash":""},{"PrincipalSID":"S-1-5-21-548670397-972687484-3496335370-512","PrincipalType":"Group","RightName":"GenericAll","IsInherited":false,"InheritanceHash":""},{"PrincipalSID":"S-1-5-21-548670397-972687484-3496335370-526","PrincipalType":"Group","RightName":"AddKeyCredentialLink","IsInherited":true,"InheritanceHash":""},{"PrincipalSID":"S-1-5-21-548670397-972687484-3496335370-527","PrincipalType":"Group","RightName":"AddKeyCredentialLink","IsInherited":true,"InheritanceHash":""},{"PrincipalSID":"S-1-5-21-548670397-972687484-3496335370-519","PrincipalType":"Group","RightName":"GenericAll","IsInherited":true,"InheritanceHash":""},{"PrincipalSID":"SEQUEL.HTB-S-1-5-32-544","PrincipalType":"Group","RightName":"GenericWrite","IsInherited":true,"InheritanceHash":""},{"PrincipalSID":"SEQUEL.HTB-S-1-5-32-544","PrincipalType":"Group","RightName":"WriteOwner","IsInherited":true,"InheritanceHash":""},{"PrincipalSID":"SEQUEL.HTB-S-1-5-32-544","PrincipalType":"Group","RightName":"AllExtendedRights","IsInherited":true,"InheritanceHash":""},{"PrincipalSID":"SEQUEL.HTB-S-1-5-32-544","PrincipalType":"Group","RightName":"WriteDacl","IsInherited":true,"InheritanceHash":""}],"ObjectIdentifier":"S-1-5-21-548670397-972687484-3496335370-1000","IsDeleted":false,"IsACLProtected":false,"ContainedBy":{"ObjectIdentifier":"AD692C6A-3D5C-42FE-9D8E-513977B9811E","ObjectType":"OU"},"PrimaryGroupSID":"S-1-5-21-548670397-972687484-3496335370-516","AllowedToDelegate":[],"AllowedToAct":[],"HasSIDHistory":[],"DumpSMSAPassword":[],"Sessions":{"Results":[],"Collected":true,"FailureReason":null},"PrivilegedSessions":{"Results":[],"Collected":true,"FailureReason":null},"RegistrySessions":{"Results":[],"Collected":true,"FailureReason":null},"LocalGroups":[],"UserRights":[],"DCRegistryData":{"CertificateMappingMethods":null,"StrongCertificateBindingEnforcement":null},"IsDC":true,"UnconstrainedDelegation":true,"DomainSID":"S-1-5-21-548670397-972687484-3496335370","Status":null}],"meta":{"methods":0,"type":"computers","count":1,"version":6,"collectorversion":"RustHound-CE v2.4.0"}}