{"data":[{"Properties":{"domain":"SEQUEL.HTB","name":"SEQUEL-DC01-CA@SEQUEL.HTB","distinguishedname":"CN=SEQUEL-DC01-CA,CN=ENROLLMENT SERVICES,CN=PUBLIC KEY SERVICES,CN=SERVICES,CN=CONFIGURATION,DC=SEQUEL,DC=HTB","domainsid":"S-1-5-21-548670397-972687484-3496335370","isaclprotected":false,"description":null,"whencreated":1717866040,"flags":"","caname":"SEQUEL-DC01-CA","dnshostname":"DC01.sequel.htb","certthumbprint":"4C4A178BF30A37D8E21D5C5CE634C8552E5769F9","certname":"4C4A178BF30A37D8E21D5C5CE634C8552E5769F9","certchain":["4C4A178BF30A37D8E21D5C5CE634C8552E5769F9"],"hasbasicconstraints":false,"basicconstraintpathlength":0,"unresolvedpublishedtemplates":[],"casecuritycollected":true,"enrollmentagentrestrictionscollected":false,"isuserspecifiessanenabledcollected":false,"roleseparationenabledcollected":false},"HostingComputer":"S-1-5-21-548670397-972687484-3496335370-1000","CARegistryData":{"CASecurity":{"Data":[{"PrincipalSID":"S-1-5-21-548670397-972687484-3496335370-1000-544","PrincipalType":"LocalGroup","RightName":"Owns","IsInherited":false,"InheritanceHash":""},{"PrincipalSID":"SEQUEL.HTB-S-1-5-11","PrincipalType":"","RightName":"Enroll","IsInherited":false,"InheritanceHash":""},{"PrincipalSID":"S-1-5-21-548670397-972687484-3496335370-519","PrincipalType":"Group","RightName":"ManageCertificates","IsInherited":false,"InheritanceHash":""},{"PrincipalSID":"S-1-5-21-548670397-972687484-3496335370-519","PrincipalType":"Group","RightName":"ManageCA","IsInherited":false,"InheritanceHash":""},{"PrincipalSID":"S-1-5-21-548670397-972687484-3496335370-1000-544","PrincipalType":"LocalGroup","RightName":"ManageCertificates","IsInherited":false,"InheritanceHash":""},{"PrincipalSID":"S-1-5-21-548670397-972687484-3496335370-1000-544","PrincipalType":"LocalGroup","RightName":"ManageCA","IsInherited":false,"InheritanceHash":""},{"PrincipalSID":"S-1-5-21-548670397-972687484-3496335370-519","PrincipalType":"Group","RightName":"ManageCertificates","IsInherited":false,"InheritanceHash":""},{"PrincipalSID":"S-1-5-21-548670397-972687484-3496335370-519","PrincipalType":"Group","RightName":"ManageCA","IsInherited":false,"InheritanceHash":""},{"PrincipalSID":"S-1-5-21-548670397-972687484-3496335370-512","PrincipalType":"Group","RightName":"ManageCA","IsInherited":false,"InheritanceHash":""}],"Collected":true,"FailureReason":null},"EnrollmentAgentRestrictions":{"Restrictions":[],"Collected":true,"FailureReason":null},"IsUserSpecifiesSanEnabled":{"Value":false,"Collected":true,"FailureReason":null},"RoleSeparationEnabled":{"Value":false,"Collected":true,"FailureReason":null}},"EnabledCertTemplates":[{"ObjectIdentifier":"88130FF4-75CE-4998-8586-ECAD67C85E45","ObjectType":"CertTemplate"},{"ObjectIdentifier":"3835580A-D843-4B1B-AF0F-64B597D68386","ObjectType":"CertTemplate"},{"ObjectIdentifier":"53539E48-DE83-4990-AFA0-E70CEBA73358","ObjectType":"CertTemplate"},{"ObjectIdentifier":"DC6BF7FA-1267-4E54-BEA7-844358686F07","ObjectType":"CertTemplate"},{"ObjectIdentifier":"A1ED6448-8E51-48C6-801F-A5C3BD361DD8","ObjectType":"CertTemplate"},{"ObjectIdentifier":"A1ED6448-8E51-48C6-801F-A5C3BD361DD8","ObjectType":"CertTemplate"},{"ObjectIdentifier":"53539E48-DE83-4990-AFA0-E70CEBA73358","ObjectType":"CertTemplate"},{"ObjectIdentifier":"2598A24C-FCC2-4410-BF1A-306E03779572","ObjectType":"CertTemplate"},{"ObjectIdentifier":"8E19E9AC-D514-43A5-A3BE-8B0B264ADB6C","ObjectType":"CertTemplate"},{"ObjectIdentifier":"1C22E1B6-598C-4935-98F3-03B62E9A7651","ObjectType":"CertTemplate"},{"ObjectIdentifier":"0E342F06-DAE0-468F-B75A-3D671396B0EC","ObjectType":"CertTemplate"},{"ObjectIdentifier":"756A9E2B-82F4-4982-B5C3-C0482A113229","ObjectType":"CertTemplate"}],"Aces":[{"PrincipalSID":"S-1-5-21-548670397-972687484-3496335370-519","PrincipalType":"Group","RightName":"Owns","IsInherited":false,"InheritanceHash":""},{"PrincipalSID":"SEQUEL.HTB-S-1-5-11","PrincipalType":"Group","RightName":"Enroll","IsInherited":false,"InheritanceHash":""},{"PrincipalSID":"S-1-5-21-548670397-972687484-3496335370-519","PrincipalType":"Group","RightName":"GenericWrite","IsInherited":false,"InheritanceHash":""},{"PrincipalSID":"S-1-5-21-548670397-972687484-3496335370-519","PrincipalType":"Group","RightName":"WriteOwner","IsInherited":false,"InheritanceHash":""},{"PrincipalSID":"S-1-5-21-548670397-972687484-3496335370-519","PrincipalType":"Group","RightName":"WriteDacl","IsInherited":false,"InheritanceHash":""},{"PrincipalSID":"S-1-5-21-548670397-972687484-3496335370-519","PrincipalType":"Group","RightName":"ManageCA","IsInherited":false,"InheritanceHash":""},{"PrincipalSID":"S-1-5-21-548670397-972687484-3496335370-519","PrincipalType":"Group","RightName":"ManageCertificates","IsInherited":false,"InheritanceHash":""},{"PrincipalSID":"S-1-5-21-548670397-972687484-3496335370-1000","PrincipalType":"Computer","RightName":"GenericWrite","IsInherited":false,"InheritanceHash":""},{"PrincipalSID":"S-1-5-21-548670397-972687484-3496335370-1000","PrincipalType":"Computer","RightName":"WriteOwner","IsInherited":false,"InheritanceHash":""},{"PrincipalSID":"S-1-5-21-548670397-972687484-3496335370-1000","PrincipalType":"Computer","RightName":"WriteDacl","IsInherited":false,"InheritanceHash":""},{"PrincipalSID":"S-1-5-21-548670397-972687484-3496335370-1000","PrincipalType":"Computer","RightName":"ManageCA","IsInherited":false,"InheritanceHash":""},{"PrincipalSID":"S-1-5-21-548670397-972687484-3496335370-1000","PrincipalType":"Computer","RightName":"ManageCertificates","IsInherited":false,"InheritanceHash":""},{"PrincipalSID":"S-1-5-21-548670397-972687484-3496335370-519","PrincipalType":"Group","RightName":"GenericAll","IsInherited":true,"InheritanceHash":""},{"PrincipalSID":"S-1-5-21-548670397-972687484-3496335370-512","PrincipalType":"Group","RightName":"GenericWrite","IsInherited":true,"InheritanceHash":""},{"PrincipalSID":"S-1-5-21-548670397-972687484-3496335370-512","PrincipalType":"Group","RightName":"WriteOwner","IsInherited":true,"InheritanceHash":""},{"PrincipalSID":"S-1-5-21-548670397-972687484-3496335370-512","PrincipalType":"Group","RightName":"WriteDacl","IsInherited":true,"InheritanceHash":""},{"PrincipalSID":"S-1-5-21-548670397-972687484-3496335370-512","PrincipalType":"Group","RightName":"ManageCA","IsInherited":true,"InheritanceHash":""}],"ObjectIdentifier":"89711EA6-77BE-4CD8-BD4A-A8BD88E96400","IsDeleted":false,"IsACLProtected":false,"ContainedBy":{"ObjectIdentifier":"AAD3E65F-908B-45CC-98FB-85159820B2CF","ObjectType":"Container"}}],"meta":{"methods":0,"type":"enterprisecas","count":1,"version":6,"collectorversion":"RustHound-CE v2.4.0"}}