{"data":[{"GPOChanges":{"LocalAdmins":[],"RemoteDesktopUsers":[],"DcomUsers":[],"PSRemoteUsers":[],"AffectedComputers":[{"ObjectIdentifier":"S-1-5-21-548670397-972687484-3496335370-1000","ObjectType":"Computer"}]},"ObjectIdentifier":"AD692C6A-3D5C-42FE-9D8E-513977B9811E","Properties":{"domain":"SEQUEL.HTB","name":"DOMAIN CONTROLLERS@SEQUEL.HTB","distinguishedname":"OU=DOMAIN CONTROLLERS,DC=SEQUEL,DC=HTB","domainsid":"S-1-5-21-548670397-972687484-3496335370","isaclprotected":false,"highvalue":false,"description":"Default container for domain controllers","whencreated":1717864790,"blocksinheritance":false},"Aces":[{"PrincipalSID":"S-1-5-21-548670397-972687484-3496335370-512","PrincipalType":"Group","RightName":"Owns","IsInherited":false,"InheritanceHash":""},{"PrincipalSID":"S-1-5-21-548670397-972687484-3496335370-512","PrincipalType":"Group","RightName":"GenericWrite","IsInherited":false,"InheritanceHash":""},{"PrincipalSID":"S-1-5-21-548670397-972687484-3496335370-512","PrincipalType":"Group","RightName":"WriteOwner","IsInherited":false,"InheritanceHash":""},{"PrincipalSID":"S-1-5-21-548670397-972687484-3496335370-512","PrincipalType":"Group","RightName":"WriteDacl","IsInherited":false,"InheritanceHash":""},{"PrincipalSID":"S-1-5-21-548670397-972687484-3496335370-519","PrincipalType":"Group","RightName":"GenericAll","IsInherited":true,"InheritanceHash":""},{"PrincipalSID":"SEQUEL.HTB-S-1-5-32-544","PrincipalType":"Group","RightName":"GenericWrite","IsInherited":true,"InheritanceHash":""},{"PrincipalSID":"SEQUEL.HTB-S-1-5-32-544","PrincipalType":"Group","RightName":"WriteOwner","IsInherited":true,"InheritanceHash":""},{"PrincipalSID":"SEQUEL.HTB-S-1-5-32-544","PrincipalType":"Group","RightName":"WriteDacl","IsInherited":true,"InheritanceHash":""}],"Links":[{"IsEnforced":false,"GUID":"6AC1786C-016F-11D2-945F-00C04fB984F9"}],"ChildObjects":[{"ObjectIdentifier":"S-1-5-21-548670397-972687484-3496335370-1000","ObjectType":"Computer"}],"IsDeleted":false,"IsACLProtected":false,"ContainedBy":{"ObjectIdentifier":"S-1-5-21-548670397-972687484-3496335370","ObjectType":"Domain"}}],"meta":{"methods":0,"type":"ous","count":1,"version":6,"collectorversion":"RustHound-CE v2.4.0"}}