{"data":[{"ObjectIdentifier": "S-1-5-21-1088858960-373806567-254189436-1000", "AllowedToAct": [], "PrimaryGroupSID": "S-1-5-21-1088858960-373806567-254189436-516", "LocalAdmins": {"Collected": true, "FailureReason": null, "Results": [{"ObjectIdentifier": "S-1-5-21-1088858960-373806567-254189436-500", "ObjectType": "User"}, {"ObjectIdentifier": "S-1-5-21-1088858960-373806567-254189436-519", "ObjectType": "Group"}, {"ObjectIdentifier": "S-1-5-21-1088858960-373806567-254189436-512", "ObjectType": "Group"}]}, "PSRemoteUsers": {"Collected": true, "FailureReason": null, "Results": [{"ObjectIdentifier": "S-1-5-21-1088858960-373806567-254189436-1108", "ObjectType": "User"}, {"ObjectIdentifier": "S-1-5-21-1088858960-373806567-254189436-1109", "ObjectType": "User"}, {"ObjectIdentifier": "S-1-5-21-1088858960-373806567-254189436-1112", "ObjectType": "User"}]}, "Properties": {"name": "DC.ADMINISTRATOR.HTB", "domainsid": "S-1-5-21-1088858960-373806567-254189436", "domain": "ADMINISTRATOR.HTB", "distinguishedname": "CN=DC,OU=DOMAIN CONTROLLERS,DC=ADMINISTRATOR,DC=HTB", "unconstraineddelegation": true, "enabled": true, "trustedtoauth": false, "samaccountname": "DC$", "haslaps": false, "lastlogon": 1757088305, "lastlogontimestamp": 1757088305, "pwdlastset": 1728071640, "whencreated": 1728071608, "serviceprincipalnames": ["TERMSRV/DC", "TERMSRV/dc.administrator.htb", "Dfsr-12F9A27C-BF97-4787-9364-D31B6C55EB04/dc.administrator.htb", "ldap/dc.administrator.htb/ForestDnsZones.administrator.htb", "ldap/dc.administrator.htb/DomainDnsZones.administrator.htb", "DNS/dc.administrator.htb", "GC/dc.administrator.htb/administrator.htb", "RestrictedKrbHost/dc.administrator.htb", "RestrictedKrbHost/DC", "RPC/6e43350c-ebd4-42ac-9957-066ae357cbc8._msdcs.administrator.htb", "HOST/DC/ADMINISTRATOR", "HOST/dc.administrator.htb/ADMINISTRATOR", "HOST/DC", "HOST/dc.administrator.htb", "HOST/dc.administrator.htb/administrator.htb", "E3514235-4B06-11D1-AB04-00C04FC2DCD2/6e43350c-ebd4-42ac-9957-066ae357cbc8/administrator.htb", "ldap/DC/ADMINISTRATOR", "ldap/6e43350c-ebd4-42ac-9957-066ae357cbc8._msdcs.administrator.htb", "ldap/dc.administrator.htb/ADMINISTRATOR", "ldap/DC", "ldap/dc.administrator.htb", "ldap/dc.administrator.htb/administrator.htb"], "description": null, "operatingsystem": "Windows Server 2022 Standard", "sidhistory": []}, "RemoteDesktopUsers": {"Collected": true, "FailureReason": null, "Results": []}, "DcomUsers": {"Collected": true, "FailureReason": null, "Results": []}, "AllowedToDelegate": [], "Sessions": {"Collected": true, "FailureReason": null, "Results": []}, "PrivilegedSessions": {"Collected": false, "FailureReason": null, "Results": []}, "RegistrySessions": {"Collected": false, "FailureReason": null, "Results": []}, "Aces": [{"RightName": "Owns", "IsInherited": false, "PrincipalSID": "S-1-5-21-1088858960-373806567-254189436-512", "PrincipalType": "Group"}, {"RightName": "GenericAll", "IsInherited": false, "PrincipalSID": "S-1-5-21-1088858960-373806567-254189436-512", "PrincipalType": "Group"}, {"RightName": "AddKeyCredentialLink", "IsInherited": true, "PrincipalSID": "S-1-5-21-1088858960-373806567-254189436-526", "PrincipalType": "Group"}, {"RightName": "AddKeyCredentialLink", "IsInherited": true, "PrincipalSID": "S-1-5-21-1088858960-373806567-254189436-527", "PrincipalType": "Group"}, {"RightName": "GenericAll", "IsInherited": true, "PrincipalSID": "S-1-5-21-1088858960-373806567-254189436-519", "PrincipalType": "Group"}, {"RightName": "GenericWrite", "IsInherited": true, "PrincipalSID": "ADMINISTRATOR.HTB-S-1-5-32-544", "PrincipalType": "Group"}, {"RightName": "WriteOwner", "IsInherited": true, "PrincipalSID": "ADMINISTRATOR.HTB-S-1-5-32-544", "PrincipalType": "Group"}, {"RightName": "WriteDacl", "IsInherited": true, "PrincipalSID": "ADMINISTRATOR.HTB-S-1-5-32-544", "PrincipalType": "Group"}], "HasSIDHistory": [], "IsDeleted": false, "Status": null, "IsACLProtected": false}],"meta":{"methods":0,"type":"computers","count":1, "version":5}}