{"data":[{"Properties":{"domain":"FLUFFY.HTB","name":"LOW ASSURANCE@FLUFFY.HTB","distinguishedname":"CN=400.556A7B2B34224E145D7B32CC1C376FA3,CN=OID,CN=PUBLIC KEY SERVICES,CN=SERVICES,CN=CONFIGURATION,DC=FLUFFY,DC=HTB","domainsid":"S-1-5-21-497550768-2797716248-2627064577","isaclprotected":false,"description":null,"whencreated":1744906216,"displayname":"Low Assurance","certtemplateoid":"1.3.6.1.4.1.311.21.8.15960050.7632368.14501263.5899262.1083031.219.1.400"},"GroupLink":{"ObjectIdentifier":null,"ObjectType":"Base"},"Aces":[{"PrincipalSID":"S-1-5-21-497550768-2797716248-2627064577-519","PrincipalType":"Group","RightName":"Owns","IsInherited":false,"InheritanceHash":""},{"PrincipalSID":"S-1-5-21-497550768-2797716248-2627064577-512","PrincipalType":"Group","RightName":"GenericAll","IsInherited":false,"InheritanceHash":""},{"PrincipalSID":"S-1-5-21-497550768-2797716248-2627064577-519","PrincipalType":"Group","RightName":"GenericAll","IsInherited":true,"InheritanceHash":""},{"PrincipalSID":"S-1-5-21-497550768-2797716248-2627064577-512","PrincipalType":"Group","RightName":"GenericWrite","IsInherited":true,"InheritanceHash":""},{"PrincipalSID":"S-1-5-21-497550768-2797716248-2627064577-512","PrincipalType":"Group","RightName":"WriteOwner","IsInherited":true,"InheritanceHash":""},{"PrincipalSID":"S-1-5-21-497550768-2797716248-2627064577-512","PrincipalType":"Group","RightName":"WriteDacl","IsInherited":true,"InheritanceHash":""}],"ObjectIdentifier":"F8ACE072-C864-476A-8F7C-91047785F2E2","IsDeleted":false,"IsACLProtected":false,"ContainedBy":null},{"Properties":{"domain":"FLUFFY.HTB","name":"MEDIUM ASSURANCE@FLUFFY.HTB","distinguishedname":"CN=401.2A9D4573F9D75597FE6BC34A1AD9202A,CN=OID,CN=PUBLIC KEY SERVICES,CN=SERVICES,CN=CONFIGURATION,DC=FLUFFY,DC=HTB","domainsid":"S-1-5-21-497550768-2797716248-2627064577","isaclprotected":false,"description":null,"whencreated":1744906216,"displayname":"Medium Assurance","certtemplateoid":"1.3.6.1.4.1.311.21.8.15960050.7632368.14501263.5899262.1083031.219.1.401"},"GroupLink":{"ObjectIdentifier":null,"ObjectType":"Base"},"Aces":[{"PrincipalSID":"S-1-5-21-497550768-2797716248-2627064577-519","PrincipalType":"Group","RightName":"Owns","IsInherited":false,"InheritanceHash":""},{"PrincipalSID":"S-1-5-21-497550768-2797716248-2627064577-512","PrincipalType":"Group","RightName":"GenericAll","IsInherited":false,"InheritanceHash":""},{"PrincipalSID":"S-1-5-21-497550768-2797716248-2627064577-519","PrincipalType":"Group","RightName":"GenericAll","IsInherited":true,"InheritanceHash":""},{"PrincipalSID":"S-1-5-21-497550768-2797716248-2627064577-512","PrincipalType":"Group","RightName":"GenericWrite","IsInherited":true,"InheritanceHash":""},{"PrincipalSID":"S-1-5-21-497550768-2797716248-2627064577-512","PrincipalType":"Group","RightName":"WriteOwner","IsInherited":true,"InheritanceHash":""},{"PrincipalSID":"S-1-5-21-497550768-2797716248-2627064577-512","PrincipalType":"Group","RightName":"WriteDacl","IsInherited":true,"InheritanceHash":""}],"ObjectIdentifier":"26036FDE-8348-4661-8823-9D550240E1B9","IsDeleted":false,"IsACLProtected":false,"ContainedBy":null},{"Properties":{"domain":"FLUFFY.HTB","name":"HIGH ASSURANCE@FLUFFY.HTB","distinguishedname":"CN=402.BCBC6944F722EAF00D6DE2E18CA43B8F,CN=OID,CN=PUBLIC KEY SERVICES,CN=SERVICES,CN=CONFIGURATION,DC=FLUFFY,DC=HTB","domainsid":"S-1-5-21-497550768-2797716248-2627064577","isaclprotected":false,"description":null,"whencreated":1744906216,"displayname":"High Assurance","certtemplateoid":"1.3.6.1.4.1.311.21.8.15960050.7632368.14501263.5899262.1083031.219.1.402"},"GroupLink":{"ObjectIdentifier":null,"ObjectType":"Base"},"Aces":[{"PrincipalSID":"S-1-5-21-497550768-2797716248-2627064577-519","PrincipalType":"Group","RightName":"Owns","IsInherited":false,"InheritanceHash":""},{"PrincipalSID":"S-1-5-21-497550768-2797716248-2627064577-512","PrincipalType":"Group","RightName":"GenericAll","IsInherited":false,"InheritanceHash":""},{"PrincipalSID":"S-1-5-21-497550768-2797716248-2627064577-519","PrincipalType":"Group","RightName":"GenericAll","IsInherited":true,"InheritanceHash":""},{"PrincipalSID":"S-1-5-21-497550768-2797716248-2627064577-512","PrincipalType":"Group","RightName":"GenericWrite","IsInherited":true,"InheritanceHash":""},{"PrincipalSID":"S-1-5-21-497550768-2797716248-2627064577-512","PrincipalType":"Group","RightName":"WriteOwner","IsInherited":true,"InheritanceHash":""},{"PrincipalSID":"S-1-5-21-497550768-2797716248-2627064577-512","PrincipalType":"Group","RightName":"WriteDacl","IsInherited":true,"InheritanceHash":""}],"ObjectIdentifier":"B82B18C3-869B-4D73-B850-08B095C28B8D","IsDeleted":false,"IsACLProtected":false,"ContainedBy":null}],"meta":{"methods":0,"type":"issuancepolicies","count":3,"version":6,"collectorversion":"RustHound-CE v2.4.0"}}