{"data":[{"Properties":{"domain":"FLUFFY.HTB","name":"FLUFFY-DC01-CA@FLUFFY.HTB","distinguishedname":"CN=FLUFFY-DC01-CA,CN=AIA,CN=PUBLIC KEY SERVICES,CN=SERVICES,CN=CONFIGURATION,DC=FLUFFY,DC=HTB","domainsid":"S-1-5-21-497550768-2797716248-2627064577","isaclprotected":false,"description":null,"whencreated":1744906216,"crosscertificatepair":[],"hascrosscertificatepair":false,"certthumbprint":"5A359CF86FF5C22818C70CC23B71A47A2F2A715E","certname":"5A359CF86FF5C22818C70CC23B71A47A2F2A715E","certchain":["5A359CF86FF5C22818C70CC23B71A47A2F2A715E"],"hasbasicconstraints":false,"basicconstraintpathlength":0},"DomainSID":"S-1-5-21-497550768-2797716248-2627064577","Aces":[{"PrincipalSID":"S-1-5-21-497550768-2797716248-2627064577-519","PrincipalType":"Group","RightName":"Owns","IsInherited":false,"InheritanceHash":""},{"PrincipalSID":"S-1-5-21-497550768-2797716248-2627064577-512","PrincipalType":"Group","RightName":"GenericAll","IsInherited":false,"InheritanceHash":""},{"PrincipalSID":"S-1-5-21-497550768-2797716248-2627064577-519","PrincipalType":"Group","RightName":"GenericAll","IsInherited":false,"InheritanceHash":""},{"PrincipalSID":"S-1-5-21-497550768-2797716248-2627064577-1000","PrincipalType":"Computer","RightName":"GenericAll","IsInherited":false,"InheritanceHash":""},{"PrincipalSID":"FLUFFY.HTB-S-1-5-32-544","PrincipalType":"Group","RightName":"GenericAll","IsInherited":false,"InheritanceHash":""},{"PrincipalSID":"S-1-5-21-497550768-2797716248-2627064577-519","PrincipalType":"Group","RightName":"GenericAll","IsInherited":true,"InheritanceHash":""},{"PrincipalSID":"S-1-5-21-497550768-2797716248-2627064577-512","PrincipalType":"Group","RightName":"GenericWrite","IsInherited":true,"InheritanceHash":""},{"PrincipalSID":"S-1-5-21-497550768-2797716248-2627064577-512","PrincipalType":"Group","RightName":"WriteOwner","IsInherited":true,"InheritanceHash":""},{"PrincipalSID":"S-1-5-21-497550768-2797716248-2627064577-512","PrincipalType":"Group","RightName":"WriteDacl","IsInherited":true,"InheritanceHash":""}],"ObjectIdentifier":"788AEE99-039F-491A-9176-4607791C57EC","IsDeleted":false,"IsACLProtected":false,"ContainedBy":{"ObjectIdentifier":"00635B37-FA45-46DE-A66F-FB0FD27D7E2F","ObjectType":"Container"}}],"meta":{"methods":0,"type":"aiacas","count":1,"version":6,"collectorversion":"RustHound-CE v2.4.0"}}