{"data":[{"Properties":{"domain":"FLUFFY.HTB","name":"FLUFFY-DC01-CA@FLUFFY.HTB","distinguishedname":"CN=FLUFFY-DC01-CA,CN=CERTIFICATION AUTHORITIES,CN=PUBLIC KEY SERVICES,CN=SERVICES,CN=CONFIGURATION,DC=FLUFFY,DC=HTB","domainsid":"S-1-5-21-497550768-2797716248-2627064577","isaclprotected":false,"description":null,"whencreated":1744906216,"certthumbprint":"5A359CF86FF5C22818C70CC23B71A47A2F2A715E","certname":"5A359CF86FF5C22818C70CC23B71A47A2F2A715E","certchain":["5A359CF86FF5C22818C70CC23B71A47A2F2A715E"],"hasbasicconstraints":false,"basicconstraintpathlength":0},"DomainSID":"S-1-5-21-497550768-2797716248-2627064577","Aces":[{"PrincipalSID":"S-1-5-21-497550768-2797716248-2627064577-519","PrincipalType":"Group","RightName":"Owns","IsInherited":false,"InheritanceHash":""},{"PrincipalSID":"S-1-5-21-497550768-2797716248-2627064577-512","PrincipalType":"Group","RightName":"GenericAll","IsInherited":false,"InheritanceHash":""},{"PrincipalSID":"S-1-5-21-497550768-2797716248-2627064577-517","PrincipalType":"Group","RightName":"GenericAll","IsInherited":false,"InheritanceHash":""},{"PrincipalSID":"S-1-5-21-497550768-2797716248-2627064577-519","PrincipalType":"Group","RightName":"GenericAll","IsInherited":false,"InheritanceHash":""},{"PrincipalSID":"FLUFFY.HTB-S-1-5-32-544","PrincipalType":"Group","RightName":"GenericAll","IsInherited":false,"InheritanceHash":""},{"PrincipalSID":"S-1-5-21-497550768-2797716248-2627064577-519","PrincipalType":"Group","RightName":"GenericAll","IsInherited":true,"InheritanceHash":""},{"PrincipalSID":"S-1-5-21-497550768-2797716248-2627064577-512","PrincipalType":"Group","RightName":"GenericWrite","IsInherited":true,"InheritanceHash":""},{"PrincipalSID":"S-1-5-21-497550768-2797716248-2627064577-512","PrincipalType":"Group","RightName":"WriteOwner","IsInherited":true,"InheritanceHash":""},{"PrincipalSID":"S-1-5-21-497550768-2797716248-2627064577-512","PrincipalType":"Group","RightName":"WriteDacl","IsInherited":true,"InheritanceHash":""},{"PrincipalSID":"S-1-5-21-497550768-2797716248-2627064577-512","PrincipalType":"Group","RightName":"ManageCA","IsInherited":true,"InheritanceHash":""}],"ObjectIdentifier":"FEE7953C-DAD7-48CB-940F-FCFA3FC1D206","IsDeleted":false,"IsACLProtected":false,"ContainedBy":{"ObjectIdentifier":"53D97EBB-4DCA-4BAE-B9D4-5B7991D60A17","ObjectType":"Container"}}],"meta":{"methods":0,"type":"rootcas","count":1,"version":6,"collectorversion":"RustHound-CE v2.4.0"}}