{"data":[{"Properties":{"domain":"FLUFFY.HTB","name":"FLUFFY.HTB","distinguishedname":"DC=FLUFFY,DC=HTB","domainsid":"S-1-5-21-497550768-2797716248-2627064577","isaclprotected":false,"highvalue":true,"description":null,"whencreated":1744905561,"machineaccountquota":0,"expirepasswordsonsmartcardonlyaccounts":true,"minpwdlength":7,"pwdproperties":0,"pwdhistorylength":24,"lockoutthreshold":0,"minpwdage":"1 day","maxpwdage":"6 weeks","lockoutduration":"10 minutes","lockoutobservationwindow":-6000000000,"functionallevel":"2016","collected":true},"GPOChanges":{"LocalAdmins":[],"RemoteDesktopUsers":[],"DcomUsers":[],"PSRemoteUsers":[],"AffectedComputers":[{"ObjectIdentifier":"S-1-5-21-497550768-2797716248-2627064577-1000","ObjectType":"Computer"}]},"ChildObjects":[{"ObjectIdentifier":"EA9BDA83-2E4A-4CCB-95E0-F0FAB9D74DE5","ObjectType":"Container"},{"ObjectIdentifier":"5D76A7C7-2B52-48A1-9D9B-31BE5F7C9A16","ObjectType":"Container"},{"ObjectIdentifier":"10793A2B-3D38-4753-881B-496F98E253F9","ObjectType":"Container"},{"ObjectIdentifier":"B0068391-DEBC-4A6E-BBB9-EEA95EF138C7","ObjectType":"Container"},{"ObjectIdentifier":"086F97CB-3249-4F61-AA44-8808863096B3","ObjectType":"Container"},{"ObjectIdentifier":"1EDBCCB9-DBF1-4FCE-AE2A-BFCB5A156453","ObjectType":"OU"},{"ObjectIdentifier":"4B6A4776-04E1-45D2-8A91-70415481F2B0","ObjectType":"Container"}],"Trusts":[],"Links":[{"IsEnforced":false,"GUID":"6E037936-F56F-40F4-8061-5F4C8EF897A7"}],"Aces":[{"PrincipalSID":"FLUFFY.HTB-S-1-5-32-544","PrincipalType":"Group","RightName":"Owns","IsInherited":false,"InheritanceHash":""},{"PrincipalSID":"S-1-5-21-497550768-2797716248-2627064577-498","PrincipalType":"Group","RightName":"GetChanges","IsInherited":false,"InheritanceHash":""},{"PrincipalSID":"S-1-5-21-497550768-2797716248-2627064577-516","PrincipalType":"Group","RightName":"GetChangesAll","IsInherited":false,"InheritanceHash":""},{"PrincipalSID":"FLUFFY.HTB-S-1-5-32-544","PrincipalType":"Group","RightName":"GetChangesInFilteredSet","IsInherited":false,"InheritanceHash":""},{"PrincipalSID":"FLUFFY.HTB-S-1-5-32-544","PrincipalType":"Group","RightName":"GetChanges","IsInherited":false,"InheritanceHash":""},{"PrincipalSID":"FLUFFY.HTB-S-1-5-32-544","PrincipalType":"Group","RightName":"GetChangesAll","IsInherited":false,"InheritanceHash":""},{"PrincipalSID":"FLUFFY.HTB-S-1-5-9","PrincipalType":"Group","RightName":"GetChangesInFilteredSet","IsInherited":false,"InheritanceHash":""},{"PrincipalSID":"FLUFFY.HTB-S-1-5-9","PrincipalType":"Group","RightName":"GetChanges","IsInherited":false,"InheritanceHash":""},{"PrincipalSID":"S-1-5-21-497550768-2797716248-2627064577-512","PrincipalType":"Group","RightName":"GenericWrite","IsInherited":false,"InheritanceHash":""},{"PrincipalSID":"S-1-5-21-497550768-2797716248-2627064577-512","PrincipalType":"Group","RightName":"WriteOwner","IsInherited":false,"InheritanceHash":""},{"PrincipalSID":"S-1-5-21-497550768-2797716248-2627064577-512","PrincipalType":"Group","RightName":"AllExtendedRights","IsInherited":false,"InheritanceHash":""},{"PrincipalSID":"S-1-5-21-497550768-2797716248-2627064577-512","PrincipalType":"Group","RightName":"WriteDacl","IsInherited":false,"InheritanceHash":""},{"PrincipalSID":"S-1-5-21-497550768-2797716248-2627064577-519","PrincipalType":"Group","RightName":"GenericAll","IsInherited":false,"InheritanceHash":""},{"PrincipalSID":"FLUFFY.HTB-S-1-5-32-544","PrincipalType":"Group","RightName":"GenericWrite","IsInherited":false,"InheritanceHash":""},{"PrincipalSID":"FLUFFY.HTB-S-1-5-32-544","PrincipalType":"Group","RightName":"WriteOwner","IsInherited":false,"InheritanceHash":""},{"PrincipalSID":"FLUFFY.HTB-S-1-5-32-544","PrincipalType":"Group","RightName":"AllExtendedRights","IsInherited":false,"InheritanceHash":""},{"PrincipalSID":"FLUFFY.HTB-S-1-5-32-544","PrincipalType":"Group","RightName":"WriteDacl","IsInherited":false,"InheritanceHash":""}],"ObjectIdentifier":"S-1-5-21-497550768-2797716248-2627064577","IsDeleted":false,"IsACLProtected":false,"ContainedBy":null},{"Properties":{"domain":"DOMAINDNSZONES.FLUFFY.HTB","name":"DOMAINDNSZONES.FLUFFY.HTB","distinguishedname":"DC=DOMAINDNSZONES,DC=FLUFFY,DC=HTB","domainsid":"","isaclprotected":false,"highvalue":false,"description":null,"whencreated":1744906130,"machineaccountquota":0,"expirepasswordsonsmartcardonlyaccounts":false,"minpwdlength":0,"pwdproperties":0,"pwdhistorylength":0,"lockoutthreshold":0,"minpwdage":"","maxpwdage":"","lockoutduration":"","lockoutobservationwindow":0,"functionallevel":"","collected":false},"GPOChanges":{"LocalAdmins":[],"RemoteDesktopUsers":[],"DcomUsers":[],"PSRemoteUsers":[],"AffectedComputers":[]},"ChildObjects":[],"Trusts":[],"Links":[],"Aces":[{"PrincipalSID":"FLUFFY.HTB-S-1-5-18","PrincipalType":"Group","RightName":"Owns","IsInherited":false,"InheritanceHash":""},{"PrincipalSID":"S-1-5-21-497550768-2797716248-2627064577-498","PrincipalType":"Group","RightName":"GetChanges","IsInherited":false,"InheritanceHash":""},{"PrincipalSID":"FLUFFY.HTB-S-1-5-32-544","PrincipalType":"Group","RightName":"GetChangesInFilteredSet","IsInherited":false,"InheritanceHash":""},{"PrincipalSID":"FLUFFY.HTB-S-1-5-32-544","PrincipalType":"Group","RightName":"GetChanges","IsInherited":false,"InheritanceHash":""},{"PrincipalSID":"FLUFFY.HTB-S-1-5-32-544","PrincipalType":"Group","RightName":"GetChangesAll","IsInherited":false,"InheritanceHash":""},{"PrincipalSID":"FLUFFY.HTB-S-1-5-9","PrincipalType":"Group","RightName":"GetChangesInFilteredSet","IsInherited":false,"InheritanceHash":""},{"PrincipalSID":"FLUFFY.HTB-S-1-5-9","PrincipalType":"Group","RightName":"GetChanges","IsInherited":false,"InheritanceHash":""},{"PrincipalSID":"FLUFFY.HTB-S-1-5-9","PrincipalType":"Group","RightName":"GetChangesAll","IsInherited":false,"InheritanceHash":""},{"PrincipalSID":"S-1-5-21-497550768-2797716248-2627064577-512","PrincipalType":"Group","RightName":"GenericWrite","IsInherited":false,"InheritanceHash":""},{"PrincipalSID":"S-1-5-21-497550768-2797716248-2627064577-512","PrincipalType":"Group","RightName":"WriteOwner","IsInherited":false,"InheritanceHash":""},{"PrincipalSID":"S-1-5-21-497550768-2797716248-2627064577-512","PrincipalType":"Group","RightName":"AllExtendedRights","IsInherited":false,"InheritanceHash":""},{"PrincipalSID":"S-1-5-21-497550768-2797716248-2627064577-512","PrincipalType":"Group","RightName":"WriteDacl","IsInherited":false,"InheritanceHash":""},{"PrincipalSID":"S-1-5-21-497550768-2797716248-2627064577-519","PrincipalType":"Group","RightName":"GenericAll","IsInherited":false,"InheritanceHash":""},{"PrincipalSID":"FLUFFY.HTB-S-1-5-32-544","PrincipalType":"Group","RightName":"GenericWrite","IsInherited":false,"InheritanceHash":""},{"PrincipalSID":"FLUFFY.HTB-S-1-5-32-544","PrincipalType":"Group","RightName":"WriteOwner","IsInherited":false,"InheritanceHash":""},{"PrincipalSID":"FLUFFY.HTB-S-1-5-32-544","PrincipalType":"Group","RightName":"AllExtendedRights","IsInherited":false,"InheritanceHash":""},{"PrincipalSID":"FLUFFY.HTB-S-1-5-32-544","PrincipalType":"Group","RightName":"WriteDacl","IsInherited":false,"InheritanceHash":""}],"ObjectIdentifier":"","IsDeleted":false,"IsACLProtected":false,"ContainedBy":null},{"Properties":{"domain":"FORESTDNSZONES.FLUFFY.HTB","name":"FORESTDNSZONES.FLUFFY.HTB","distinguishedname":"DC=FORESTDNSZONES,DC=FLUFFY,DC=HTB","domainsid":"","isaclprotected":false,"highvalue":false,"description":null,"whencreated":1744906130,"machineaccountquota":0,"expirepasswordsonsmartcardonlyaccounts":false,"minpwdlength":0,"pwdproperties":0,"pwdhistorylength":0,"lockoutthreshold":0,"minpwdage":"","maxpwdage":"","lockoutduration":"","lockoutobservationwindow":0,"functionallevel":"","collected":false},"GPOChanges":{"LocalAdmins":[],"RemoteDesktopUsers":[],"DcomUsers":[],"PSRemoteUsers":[],"AffectedComputers":[]},"ChildObjects":[],"Trusts":[],"Links":[],"Aces":[{"PrincipalSID":"FLUFFY.HTB-S-1-5-18","PrincipalType":"Group","RightName":"Owns","IsInherited":false,"InheritanceHash":""},{"PrincipalSID":"S-1-5-21-497550768-2797716248-2627064577-498","PrincipalType":"Group","RightName":"GetChanges","IsInherited":false,"InheritanceHash":""},{"PrincipalSID":"FLUFFY.HTB-S-1-5-32-544","PrincipalType":"Group","RightName":"GetChangesInFilteredSet","IsInherited":false,"InheritanceHash":""},{"PrincipalSID":"FLUFFY.HTB-S-1-5-32-544","PrincipalType":"Group","RightName":"GetChanges","IsInherited":false,"InheritanceHash":""},{"PrincipalSID":"FLUFFY.HTB-S-1-5-32-544","PrincipalType":"Group","RightName":"GetChangesAll","IsInherited":false,"InheritanceHash":""},{"PrincipalSID":"FLUFFY.HTB-S-1-5-9","PrincipalType":"Group","RightName":"GetChangesInFilteredSet","IsInherited":false,"InheritanceHash":""},{"PrincipalSID":"FLUFFY.HTB-S-1-5-9","PrincipalType":"Group","RightName":"GetChanges","IsInherited":false,"InheritanceHash":""},{"PrincipalSID":"FLUFFY.HTB-S-1-5-9","PrincipalType":"Group","RightName":"GetChangesAll","IsInherited":false,"InheritanceHash":""},{"PrincipalSID":"S-1-5-21-497550768-2797716248-2627064577-512","PrincipalType":"Group","RightName":"GenericWrite","IsInherited":false,"InheritanceHash":""},{"PrincipalSID":"S-1-5-21-497550768-2797716248-2627064577-512","PrincipalType":"Group","RightName":"WriteOwner","IsInherited":false,"InheritanceHash":""},{"PrincipalSID":"S-1-5-21-497550768-2797716248-2627064577-512","PrincipalType":"Group","RightName":"AllExtendedRights","IsInherited":false,"InheritanceHash":""},{"PrincipalSID":"S-1-5-21-497550768-2797716248-2627064577-512","PrincipalType":"Group","RightName":"WriteDacl","IsInherited":false,"InheritanceHash":""},{"PrincipalSID":"S-1-5-21-497550768-2797716248-2627064577-519","PrincipalType":"Group","RightName":"GenericAll","IsInherited":false,"InheritanceHash":""},{"PrincipalSID":"FLUFFY.HTB-S-1-5-32-544","PrincipalType":"Group","RightName":"GenericWrite","IsInherited":false,"InheritanceHash":""},{"PrincipalSID":"FLUFFY.HTB-S-1-5-32-544","PrincipalType":"Group","RightName":"WriteOwner","IsInherited":false,"InheritanceHash":""},{"PrincipalSID":"FLUFFY.HTB-S-1-5-32-544","PrincipalType":"Group","RightName":"AllExtendedRights","IsInherited":false,"InheritanceHash":""},{"PrincipalSID":"FLUFFY.HTB-S-1-5-32-544","PrincipalType":"Group","RightName":"WriteDacl","IsInherited":false,"InheritanceHash":""}],"ObjectIdentifier":"","IsDeleted":false,"IsACLProtected":false,"ContainedBy":null}],"meta":{"methods":0,"type":"domains","count":3,"version":6,"collectorversion":"RustHound-CE v2.4.0"}}