{"data":[{"GPOChanges":{"LocalAdmins":[],"RemoteDesktopUsers":[],"DcomUsers":[],"PSRemoteUsers":[],"AffectedComputers":[{"ObjectIdentifier":"S-1-5-21-497550768-2797716248-2627064577-1000","ObjectType":"Computer"}]},"ObjectIdentifier":"1EDBCCB9-DBF1-4FCE-AE2A-BFCB5A156453","Properties":{"domain":"FLUFFY.HTB","name":"DOMAIN CONTROLLERS@FLUFFY.HTB","distinguishedname":"OU=DOMAIN CONTROLLERS,DC=FLUFFY,DC=HTB","domainsid":"S-1-5-21-497550768-2797716248-2627064577","isaclprotected":false,"highvalue":false,"description":"Default container for domain controllers","whencreated":1744905565,"blocksinheritance":false},"Aces":[{"PrincipalSID":"S-1-5-21-497550768-2797716248-2627064577-512","PrincipalType":"Group","RightName":"Owns","IsInherited":false,"InheritanceHash":""},{"PrincipalSID":"S-1-5-21-497550768-2797716248-2627064577-512","PrincipalType":"Group","RightName":"GenericWrite","IsInherited":false,"InheritanceHash":""},{"PrincipalSID":"S-1-5-21-497550768-2797716248-2627064577-512","PrincipalType":"Group","RightName":"WriteOwner","IsInherited":false,"InheritanceHash":""},{"PrincipalSID":"S-1-5-21-497550768-2797716248-2627064577-512","PrincipalType":"Group","RightName":"WriteDacl","IsInherited":false,"InheritanceHash":""},{"PrincipalSID":"S-1-5-21-497550768-2797716248-2627064577-519","PrincipalType":"Group","RightName":"GenericAll","IsInherited":true,"InheritanceHash":""},{"PrincipalSID":"FLUFFY.HTB-S-1-5-32-544","PrincipalType":"Group","RightName":"GenericWrite","IsInherited":true,"InheritanceHash":""},{"PrincipalSID":"FLUFFY.HTB-S-1-5-32-544","PrincipalType":"Group","RightName":"WriteOwner","IsInherited":true,"InheritanceHash":""},{"PrincipalSID":"FLUFFY.HTB-S-1-5-32-544","PrincipalType":"Group","RightName":"WriteDacl","IsInherited":true,"InheritanceHash":""}],"Links":[{"IsEnforced":false,"GUID":"6AC1786C-016F-11D2-945F-00C04fB984F9"}],"ChildObjects":[{"ObjectIdentifier":"S-1-5-21-497550768-2797716248-2627064577-1000","ObjectType":"Computer"}],"IsDeleted":false,"IsACLProtected":false,"ContainedBy":{"ObjectIdentifier":"S-1-5-21-497550768-2797716248-2627064577","ObjectType":"Domain"}}],"meta":{"methods":0,"type":"ous","count":1,"version":6,"collectorversion":"RustHound-CE v2.4.0"}}