{"data":[{"ObjectIdentifier":"S-1-5-21-497550768-2797716248-2627064577-500","IsDeleted":false,"IsACLProtected":false,"Properties":{"domain":"FLUFFY.HTB","name":"ADMINISTRATOR@FLUFFY.HTB","domainsid":"S-1-5-21-497550768-2797716248-2627064577","isaclprotected":false,"distinguishedname":"CN=ADMINISTRATOR,CN=USERS,DC=FLUFFY,DC=HTB","highvalue":false,"description":"Built-in account for administering the computer/domain","whencreated":1744905565,"sensitive":false,"dontreqpreauth":false,"passwordnotreqd":false,"unconstraineddelegation":false,"pwdneverexpires":true,"enabled":true,"trustedtoauth":false,"lastlogon":1756858039,"lastlogontimestamp":1756858023,"pwdlastset":1744904701,"serviceprincipalnames":[],"hasspn":false,"displayname":"","email":"","title":"","homedirectory":"","logonscript":"","useraccountcontrol":66048,"samaccountname":"Administrator","userpassword":"","unixpassword":"","unicodepassword":"","sfupassword":"","admincount":true,"supportedencryptiontypes":[],"sidhistory":[],"allowedtodelegate":[]},"PrimaryGroupSID":"S-1-5-21-497550768-2797716248-2627064577-513","SPNTargets":[],"UnconstrainedDelegation":false,"DomainSID":"S-1-5-21-497550768-2797716248-2627064577","Aces":[{"PrincipalSID":"S-1-5-21-497550768-2797716248-2627064577-512","PrincipalType":"Group","RightName":"Owns","IsInherited":false,"InheritanceHash":""},{"PrincipalSID":"S-1-5-21-497550768-2797716248-2627064577-512","PrincipalType":"Group","RightName":"GenericWrite","IsInherited":false,"InheritanceHash":""},{"PrincipalSID":"S-1-5-21-497550768-2797716248-2627064577-512","PrincipalType":"Group","RightName":"WriteOwner","IsInherited":false,"InheritanceHash":""},{"PrincipalSID":"S-1-5-21-497550768-2797716248-2627064577-512","PrincipalType":"Group","RightName":"AllExtendedRights","IsInherited":false,"InheritanceHash":""},{"PrincipalSID":"S-1-5-21-497550768-2797716248-2627064577-512","PrincipalType":"Group","RightName":"WriteDacl","IsInherited":false,"InheritanceHash":""},{"PrincipalSID":"S-1-5-21-497550768-2797716248-2627064577-519","PrincipalType":"Group","RightName":"GenericWrite","IsInherited":false,"InheritanceHash":""},{"PrincipalSID":"S-1-5-21-497550768-2797716248-2627064577-519","PrincipalType":"Group","RightName":"WriteOwner","IsInherited":false,"InheritanceHash":""},{"PrincipalSID":"S-1-5-21-497550768-2797716248-2627064577-519","PrincipalType":"Group","RightName":"AllExtendedRights","IsInherited":false,"InheritanceHash":""},{"PrincipalSID":"S-1-5-21-497550768-2797716248-2627064577-519","PrincipalType":"Group","RightName":"WriteDacl","IsInherited":false,"InheritanceHash":""},{"PrincipalSID":"FLUFFY.HTB-S-1-5-32-544","PrincipalType":"Group","RightName":"GenericWrite","IsInherited":false,"InheritanceHash":""},{"PrincipalSID":"FLUFFY.HTB-S-1-5-32-544","PrincipalType":"Group","RightName":"WriteOwner","IsInherited":false,"InheritanceHash":""},{"PrincipalSID":"FLUFFY.HTB-S-1-5-32-544","PrincipalType":"Group","RightName":"AllExtendedRights","IsInherited":false,"InheritanceHash":""},{"PrincipalSID":"FLUFFY.HTB-S-1-5-32-544","PrincipalType":"Group","RightName":"WriteDacl","IsInherited":false,"InheritanceHash":""}],"AllowedToDelegate":[],"HasSIDHistory":[],"ContainedBy":{"ObjectIdentifier":"EA9BDA83-2E4A-4CCB-95E0-F0FAB9D74DE5","ObjectType":"Container"}},{"ObjectIdentifier":"S-1-5-21-497550768-2797716248-2627064577-501","IsDeleted":false,"IsACLProtected":false,"Properties":{"domain":"FLUFFY.HTB","name":"GUEST@FLUFFY.HTB","domainsid":"S-1-5-21-497550768-2797716248-2627064577","isaclprotected":false,"distinguishedname":"CN=GUEST,CN=USERS,DC=FLUFFY,DC=HTB","highvalue":false,"description":"Built-in account for guest access to the computer/domain","whencreated":1744905565,"sensitive":false,"dontreqpreauth":false,"passwordnotreqd":true,"unconstraineddelegation":false,"pwdneverexpires":true,"enabled":true,"trustedtoauth":false,"lastlogon":0,"lastlogontimestamp":1747350312,"pwdlastset":0,"serviceprincipalnames":[],"hasspn":false,"displayname":"","email":"","title":"","homedirectory":"","logonscript":"","useraccountcontrol":66080,"samaccountname":"Guest","userpassword":"","unixpassword":"","unicodepassword":"","sfupassword":"","admincount":false,"supportedencryptiontypes":[],"sidhistory":[],"allowedtodelegate":[]},"PrimaryGroupSID":"S-1-5-21-497550768-2797716248-2627064577-514","SPNTargets":[],"UnconstrainedDelegation":false,"DomainSID":"S-1-5-21-497550768-2797716248-2627064577","Aces":[{"PrincipalSID":"FLUFFY.HTB-S-1-5-32-544","PrincipalType":"Group","RightName":"Owns","IsInherited":false,"InheritanceHash":""},{"PrincipalSID":"S-1-5-21-497550768-2797716248-2627064577-512","PrincipalType":"Group","RightName":"GenericAll","IsInherited":false,"InheritanceHash":""},{"PrincipalSID":"FLUFFY.HTB-S-1-5-32-548","PrincipalType":"Group","RightName":"GenericAll","IsInherited":false,"InheritanceHash":""},{"PrincipalSID":"S-1-5-21-497550768-2797716248-2627064577-526","PrincipalType":"Group","RightName":"AddKeyCredentialLink","IsInherited":true,"InheritanceHash":""},{"PrincipalSID":"S-1-5-21-497550768-2797716248-2627064577-527","PrincipalType":"Group","RightName":"AddKeyCredentialLink","IsInherited":true,"InheritanceHash":""},{"PrincipalSID":"S-1-5-21-497550768-2797716248-2627064577-519","PrincipalType":"Group","RightName":"GenericAll","IsInherited":true,"InheritanceHash":""},{"PrincipalSID":"FLUFFY.HTB-S-1-5-32-544","PrincipalType":"Group","RightName":"GenericWrite","IsInherited":true,"InheritanceHash":""},{"PrincipalSID":"FLUFFY.HTB-S-1-5-32-544","PrincipalType":"Group","RightName":"WriteOwner","IsInherited":true,"InheritanceHash":""},{"PrincipalSID":"FLUFFY.HTB-S-1-5-32-544","PrincipalType":"Group","RightName":"AllExtendedRights","IsInherited":true,"InheritanceHash":""},{"PrincipalSID":"FLUFFY.HTB-S-1-5-32-544","PrincipalType":"Group","RightName":"WriteDacl","IsInherited":true,"InheritanceHash":""}],"AllowedToDelegate":[],"HasSIDHistory":[],"ContainedBy":{"ObjectIdentifier":"EA9BDA83-2E4A-4CCB-95E0-F0FAB9D74DE5","ObjectType":"Container"}},{"ObjectIdentifier":"S-1-5-21-497550768-2797716248-2627064577-502","IsDeleted":false,"IsACLProtected":false,"Properties":{"domain":"FLUFFY.HTB","name":"KRBTGT@FLUFFY.HTB","domainsid":"S-1-5-21-497550768-2797716248-2627064577","isaclprotected":false,"distinguishedname":"CN=KRBTGT,CN=USERS,DC=FLUFFY,DC=HTB","highvalue":false,"description":"Key Distribution Center Service Account","whencreated":1744905602,"sensitive":false,"dontreqpreauth":false,"passwordnotreqd":false,"unconstraineddelegation":false,"pwdneverexpires":false,"enabled":false,"trustedtoauth":false,"lastlogon":0,"lastlogontimestamp":0,"pwdlastset":1744905602,"serviceprincipalnames":["kadmin/changepw"],"hasspn":true,"displayname":"","email":"","title":"","homedirectory":"","logonscript":"","useraccountcontrol":514,"samaccountname":"krbtgt","userpassword":"","unixpassword":"","unicodepassword":"","sfupassword":"","admincount":true,"supportedencryptiontypes":["Not defined"],"sidhistory":[],"allowedtodelegate":[]},"PrimaryGroupSID":"S-1-5-21-497550768-2797716248-2627064577-513","SPNTargets":[],"UnconstrainedDelegation":false,"DomainSID":"S-1-5-21-497550768-2797716248-2627064577","Aces":[{"PrincipalSID":"S-1-5-21-497550768-2797716248-2627064577-512","PrincipalType":"Group","RightName":"Owns","IsInherited":false,"InheritanceHash":""},{"PrincipalSID":"S-1-5-21-497550768-2797716248-2627064577-512","PrincipalType":"Group","RightName":"GenericWrite","IsInherited":false,"InheritanceHash":""},{"PrincipalSID":"S-1-5-21-497550768-2797716248-2627064577-512","PrincipalType":"Group","RightName":"WriteOwner","IsInherited":false,"InheritanceHash":""},{"PrincipalSID":"S-1-5-21-497550768-2797716248-2627064577-512","PrincipalType":"Group","RightName":"AllExtendedRights","IsInherited":false,"InheritanceHash":""},{"PrincipalSID":"S-1-5-21-497550768-2797716248-2627064577-512","PrincipalType":"Group","RightName":"WriteDacl","IsInherited":false,"InheritanceHash":""},{"PrincipalSID":"S-1-5-21-497550768-2797716248-2627064577-519","PrincipalType":"Group","RightName":"GenericWrite","IsInherited":false,"InheritanceHash":""},{"PrincipalSID":"S-1-5-21-497550768-2797716248-2627064577-519","PrincipalType":"Group","RightName":"WriteOwner","IsInherited":false,"InheritanceHash":""},{"PrincipalSID":"S-1-5-21-497550768-2797716248-2627064577-519","PrincipalType":"Group","RightName":"AllExtendedRights","IsInherited":false,"InheritanceHash":""},{"PrincipalSID":"S-1-5-21-497550768-2797716248-2627064577-519","PrincipalType":"Group","RightName":"WriteDacl","IsInherited":false,"InheritanceHash":""},{"PrincipalSID":"FLUFFY.HTB-S-1-5-32-544","PrincipalType":"Group","RightName":"GenericWrite","IsInherited":false,"InheritanceHash":""},{"PrincipalSID":"FLUFFY.HTB-S-1-5-32-544","PrincipalType":"Group","RightName":"WriteOwner","IsInherited":false,"InheritanceHash":""},{"PrincipalSID":"FLUFFY.HTB-S-1-5-32-544","PrincipalType":"Group","RightName":"AllExtendedRights","IsInherited":false,"InheritanceHash":""},{"PrincipalSID":"FLUFFY.HTB-S-1-5-32-544","PrincipalType":"Group","RightName":"WriteDacl","IsInherited":false,"InheritanceHash":""}],"AllowedToDelegate":[],"HasSIDHistory":[],"ContainedBy":{"ObjectIdentifier":"EA9BDA83-2E4A-4CCB-95E0-F0FAB9D74DE5","ObjectType":"Container"}},{"ObjectIdentifier":"S-1-5-21-497550768-2797716248-2627064577-1103","IsDeleted":false,"IsACLProtected":false,"Properties":{"domain":"FLUFFY.HTB","name":"CA_SVC@FLUFFY.HTB","domainsid":"S-1-5-21-497550768-2797716248-2627064577","isaclprotected":false,"distinguishedname":"CN=CERTIFICATE AUTHORITY SERVICE,CN=USERS,DC=FLUFFY,DC=HTB","highvalue":false,"description":null,"whencreated":1744906070,"sensitive":false,"dontreqpreauth":false,"passwordnotreqd":false,"unconstraineddelegation":false,"pwdneverexpires":true,"enabled":true,"trustedtoauth":false,"lastlogon":1747866075,"lastlogontimestamp":1747507410,"pwdlastset":1744906070,"serviceprincipalnames":["ADCS/ca.fluffy.htb"],"hasspn":true,"displayname":"certificate authority service","email":"","title":"","homedirectory":"","logonscript":"","useraccountcontrol":66048,"samaccountname":"ca_svc","userpassword":"","unixpassword":"","unicodepassword":"","sfupassword":"","admincount":false,"supportedencryptiontypes":[],"sidhistory":[],"allowedtodelegate":[]},"PrimaryGroupSID":"S-1-5-21-497550768-2797716248-2627064577-513","SPNTargets":[],"UnconstrainedDelegation":false,"DomainSID":"S-1-5-21-497550768-2797716248-2627064577","Aces":[{"PrincipalSID":"S-1-5-21-497550768-2797716248-2627064577-512","PrincipalType":"Group","RightName":"Owns","IsInherited":false,"InheritanceHash":""},{"PrincipalSID":"S-1-5-21-497550768-2797716248-2627064577-512","PrincipalType":"Group","RightName":"GenericAll","IsInherited":false,"InheritanceHash":""},{"PrincipalSID":"S-1-5-21-497550768-2797716248-2627064577-1607","PrincipalType":"Group","RightName":"GenericWrite","IsInherited":false,"InheritanceHash":""},{"PrincipalSID":"FLUFFY.HTB-S-1-5-32-548","PrincipalType":"Group","RightName":"GenericAll","IsInherited":false,"InheritanceHash":""},{"PrincipalSID":"S-1-5-21-497550768-2797716248-2627064577-526","PrincipalType":"Group","RightName":"AddKeyCredentialLink","IsInherited":true,"InheritanceHash":""},{"PrincipalSID":"S-1-5-21-497550768-2797716248-2627064577-527","PrincipalType":"Group","RightName":"AddKeyCredentialLink","IsInherited":true,"InheritanceHash":""},{"PrincipalSID":"S-1-5-21-497550768-2797716248-2627064577-519","PrincipalType":"Group","RightName":"GenericAll","IsInherited":true,"InheritanceHash":""},{"PrincipalSID":"FLUFFY.HTB-S-1-5-32-544","PrincipalType":"Group","RightName":"GenericWrite","IsInherited":true,"InheritanceHash":""},{"PrincipalSID":"FLUFFY.HTB-S-1-5-32-544","PrincipalType":"Group","RightName":"WriteOwner","IsInherited":true,"InheritanceHash":""},{"PrincipalSID":"FLUFFY.HTB-S-1-5-32-544","PrincipalType":"Group","RightName":"AllExtendedRights","IsInherited":true,"InheritanceHash":""},{"PrincipalSID":"FLUFFY.HTB-S-1-5-32-544","PrincipalType":"Group","RightName":"WriteDacl","IsInherited":true,"InheritanceHash":""}],"AllowedToDelegate":[],"HasSIDHistory":[],"ContainedBy":{"ObjectIdentifier":"EA9BDA83-2E4A-4CCB-95E0-F0FAB9D74DE5","ObjectType":"Container"}},{"ObjectIdentifier":"S-1-5-21-497550768-2797716248-2627064577-1104","IsDeleted":false,"IsACLProtected":false,"Properties":{"domain":"FLUFFY.HTB","name":"LDAP_SVC@FLUFFY.HTB","domainsid":"S-1-5-21-497550768-2797716248-2627064577","isaclprotected":false,"distinguishedname":"CN=LDAP SERVICE,CN=USERS,DC=FLUFFY,DC=HTB","highvalue":false,"description":null,"whencreated":1744906620,"sensitive":false,"dontreqpreauth":false,"passwordnotreqd":false,"unconstraineddelegation":false,"pwdneverexpires":true,"enabled":true,"trustedtoauth":false,"lastlogon":0,"lastlogontimestamp":1744906637,"pwdlastset":1744906620,"serviceprincipalnames":["LDAP/ldap.fluffy.htb"],"hasspn":true,"displayname":"ldap service","email":"","title":"","homedirectory":"","logonscript":"","useraccountcontrol":66048,"samaccountname":"ldap_svc","userpassword":"","unixpassword":"","unicodepassword":"","sfupassword":"","admincount":false,"supportedencryptiontypes":[],"sidhistory":[],"allowedtodelegate":[]},"PrimaryGroupSID":"S-1-5-21-497550768-2797716248-2627064577-513","SPNTargets":[],"UnconstrainedDelegation":false,"DomainSID":"S-1-5-21-497550768-2797716248-2627064577","Aces":[{"PrincipalSID":"S-1-5-21-497550768-2797716248-2627064577-512","PrincipalType":"Group","RightName":"Owns","IsInherited":false,"InheritanceHash":""},{"PrincipalSID":"S-1-5-21-497550768-2797716248-2627064577-512","PrincipalType":"Group","RightName":"GenericAll","IsInherited":false,"InheritanceHash":""},{"PrincipalSID":"S-1-5-21-497550768-2797716248-2627064577-1607","PrincipalType":"Group","RightName":"GenericWrite","IsInherited":false,"InheritanceHash":""},{"PrincipalSID":"FLUFFY.HTB-S-1-5-32-548","PrincipalType":"Group","RightName":"GenericAll","IsInherited":false,"InheritanceHash":""},{"PrincipalSID":"S-1-5-21-497550768-2797716248-2627064577-526","PrincipalType":"Group","RightName":"AddKeyCredentialLink","IsInherited":true,"InheritanceHash":""},{"PrincipalSID":"S-1-5-21-497550768-2797716248-2627064577-527","PrincipalType":"Group","RightName":"AddKeyCredentialLink","IsInherited":true,"InheritanceHash":""},{"PrincipalSID":"S-1-5-21-497550768-2797716248-2627064577-519","PrincipalType":"Group","RightName":"GenericAll","IsInherited":true,"InheritanceHash":""},{"PrincipalSID":"FLUFFY.HTB-S-1-5-32-544","PrincipalType":"Group","RightName":"GenericWrite","IsInherited":true,"InheritanceHash":""},{"PrincipalSID":"FLUFFY.HTB-S-1-5-32-544","PrincipalType":"Group","RightName":"WriteOwner","IsInherited":true,"InheritanceHash":""},{"PrincipalSID":"FLUFFY.HTB-S-1-5-32-544","PrincipalType":"Group","RightName":"AllExtendedRights","IsInherited":true,"InheritanceHash":""},{"PrincipalSID":"FLUFFY.HTB-S-1-5-32-544","PrincipalType":"Group","RightName":"WriteDacl","IsInherited":true,"InheritanceHash":""}],"AllowedToDelegate":[],"HasSIDHistory":[],"ContainedBy":{"ObjectIdentifier":"EA9BDA83-2E4A-4CCB-95E0-F0FAB9D74DE5","ObjectType":"Container"}},{"ObjectIdentifier":"S-1-5-21-497550768-2797716248-2627064577-1601","IsDeleted":false,"IsACLProtected":false,"Properties":{"domain":"FLUFFY.HTB","name":"P.AGILA@FLUFFY.HTB","domainsid":"S-1-5-21-497550768-2797716248-2627064577","isaclprotected":false,"distinguishedname":"CN=PROMETHEUS AGILA,CN=USERS,DC=FLUFFY,DC=HTB","highvalue":false,"description":null,"whencreated":1744987028,"sensitive":false,"dontreqpreauth":false,"passwordnotreqd":false,"unconstraineddelegation":false,"pwdneverexpires":true,"enabled":true,"trustedtoauth":false,"lastlogon":1756871101,"lastlogontimestamp":1756858046,"pwdlastset":1744987028,"serviceprincipalnames":[],"hasspn":false,"displayname":"Prometheus Agila","email":"","title":"","homedirectory":"","logonscript":"","useraccountcontrol":66048,"samaccountname":"p.agila","userpassword":"","unixpassword":"","unicodepassword":"","sfupassword":"","admincount":false,"supportedencryptiontypes":[],"sidhistory":[],"allowedtodelegate":[]},"PrimaryGroupSID":"S-1-5-21-497550768-2797716248-2627064577-513","SPNTargets":[],"UnconstrainedDelegation":false,"DomainSID":"S-1-5-21-497550768-2797716248-2627064577","Aces":[{"PrincipalSID":"S-1-5-21-497550768-2797716248-2627064577-512","PrincipalType":"Group","RightName":"Owns","IsInherited":false,"InheritanceHash":""},{"PrincipalSID":"S-1-5-21-497550768-2797716248-2627064577-512","PrincipalType":"Group","RightName":"GenericAll","IsInherited":false,"InheritanceHash":""},{"PrincipalSID":"FLUFFY.HTB-S-1-5-32-548","PrincipalType":"Group","RightName":"GenericAll","IsInherited":false,"InheritanceHash":""},{"PrincipalSID":"S-1-5-21-497550768-2797716248-2627064577-526","PrincipalType":"Group","RightName":"AddKeyCredentialLink","IsInherited":true,"InheritanceHash":""},{"PrincipalSID":"S-1-5-21-497550768-2797716248-2627064577-527","PrincipalType":"Group","RightName":"AddKeyCredentialLink","IsInherited":true,"InheritanceHash":""},{"PrincipalSID":"S-1-5-21-497550768-2797716248-2627064577-519","PrincipalType":"Group","RightName":"GenericAll","IsInherited":true,"InheritanceHash":""},{"PrincipalSID":"FLUFFY.HTB-S-1-5-32-544","PrincipalType":"Group","RightName":"GenericWrite","IsInherited":true,"InheritanceHash":""},{"PrincipalSID":"FLUFFY.HTB-S-1-5-32-544","PrincipalType":"Group","RightName":"WriteOwner","IsInherited":true,"InheritanceHash":""},{"PrincipalSID":"FLUFFY.HTB-S-1-5-32-544","PrincipalType":"Group","RightName":"AllExtendedRights","IsInherited":true,"InheritanceHash":""},{"PrincipalSID":"FLUFFY.HTB-S-1-5-32-544","PrincipalType":"Group","RightName":"WriteDacl","IsInherited":true,"InheritanceHash":""}],"AllowedToDelegate":[],"HasSIDHistory":[],"ContainedBy":{"ObjectIdentifier":"EA9BDA83-2E4A-4CCB-95E0-F0FAB9D74DE5","ObjectType":"Container"}},{"ObjectIdentifier":"S-1-5-21-497550768-2797716248-2627064577-1603","IsDeleted":false,"IsACLProtected":false,"Properties":{"domain":"FLUFFY.HTB","name":"WINRM_SVC@FLUFFY.HTB","domainsid":"S-1-5-21-497550768-2797716248-2627064577","isaclprotected":false,"distinguishedname":"CN=WINRM SERVICE,CN=USERS,DC=FLUFFY,DC=HTB","highvalue":false,"description":null,"whencreated":1745063499,"sensitive":false,"dontreqpreauth":false,"passwordnotreqd":false,"unconstraineddelegation":false,"pwdneverexpires":true,"enabled":true,"trustedtoauth":false,"lastlogon":1747667602,"lastlogontimestamp":1747507990,"pwdlastset":1747529476,"serviceprincipalnames":["WINRM/winrm.fluffy.htb"],"hasspn":true,"displayname":"winrm service","email":"","title":"","homedirectory":"","logonscript":"","useraccountcontrol":66048,"samaccountname":"winrm_svc","userpassword":"","unixpassword":"","unicodepassword":"","sfupassword":"","admincount":false,"supportedencryptiontypes":[],"sidhistory":[],"allowedtodelegate":[]},"PrimaryGroupSID":"S-1-5-21-497550768-2797716248-2627064577-513","SPNTargets":[],"UnconstrainedDelegation":false,"DomainSID":"S-1-5-21-497550768-2797716248-2627064577","Aces":[{"PrincipalSID":"S-1-5-21-497550768-2797716248-2627064577-512","PrincipalType":"Group","RightName":"Owns","IsInherited":false,"InheritanceHash":""},{"PrincipalSID":"S-1-5-21-497550768-2797716248-2627064577-512","PrincipalType":"Group","RightName":"GenericAll","IsInherited":false,"InheritanceHash":""},{"PrincipalSID":"S-1-5-21-497550768-2797716248-2627064577-1607","PrincipalType":"Group","RightName":"GenericWrite","IsInherited":false,"InheritanceHash":""},{"PrincipalSID":"FLUFFY.HTB-S-1-5-32-548","PrincipalType":"Group","RightName":"GenericAll","IsInherited":false,"InheritanceHash":""},{"PrincipalSID":"S-1-5-21-497550768-2797716248-2627064577-526","PrincipalType":"Group","RightName":"AddKeyCredentialLink","IsInherited":true,"InheritanceHash":""},{"PrincipalSID":"S-1-5-21-497550768-2797716248-2627064577-527","PrincipalType":"Group","RightName":"AddKeyCredentialLink","IsInherited":true,"InheritanceHash":""},{"PrincipalSID":"S-1-5-21-497550768-2797716248-2627064577-519","PrincipalType":"Group","RightName":"GenericAll","IsInherited":true,"InheritanceHash":""},{"PrincipalSID":"FLUFFY.HTB-S-1-5-32-544","PrincipalType":"Group","RightName":"GenericWrite","IsInherited":true,"InheritanceHash":""},{"PrincipalSID":"FLUFFY.HTB-S-1-5-32-544","PrincipalType":"Group","RightName":"WriteOwner","IsInherited":true,"InheritanceHash":""},{"PrincipalSID":"FLUFFY.HTB-S-1-5-32-544","PrincipalType":"Group","RightName":"AllExtendedRights","IsInherited":true,"InheritanceHash":""},{"PrincipalSID":"FLUFFY.HTB-S-1-5-32-544","PrincipalType":"Group","RightName":"WriteDacl","IsInherited":true,"InheritanceHash":""}],"AllowedToDelegate":[],"HasSIDHistory":[],"ContainedBy":{"ObjectIdentifier":"EA9BDA83-2E4A-4CCB-95E0-F0FAB9D74DE5","ObjectType":"Container"}},{"ObjectIdentifier":"S-1-5-21-497550768-2797716248-2627064577-1605","IsDeleted":false,"IsACLProtected":false,"Properties":{"domain":"FLUFFY.HTB","name":"J.COFFEY@FLUFFY.HTB","domainsid":"S-1-5-21-497550768-2797716248-2627064577","isaclprotected":false,"distinguishedname":"CN=JOHN COFFEY,CN=USERS,DC=FLUFFY,DC=HTB","highvalue":false,"description":null,"whencreated":1745064595,"sensitive":false,"dontreqpreauth":false,"passwordnotreqd":false,"unconstraineddelegation":false,"pwdneverexpires":true,"enabled":true,"trustedtoauth":false,"lastlogon":0,"lastlogontimestamp":0,"pwdlastset":1745064595,"serviceprincipalnames":[],"hasspn":false,"displayname":"John Coffey","email":"","title":"","homedirectory":"","logonscript":"","useraccountcontrol":66048,"samaccountname":"j.coffey","userpassword":"","unixpassword":"","unicodepassword":"","sfupassword":"","admincount":false,"supportedencryptiontypes":[],"sidhistory":[],"allowedtodelegate":[]},"PrimaryGroupSID":"S-1-5-21-497550768-2797716248-2627064577-513","SPNTargets":[],"UnconstrainedDelegation":false,"DomainSID":"S-1-5-21-497550768-2797716248-2627064577","Aces":[{"PrincipalSID":"S-1-5-21-497550768-2797716248-2627064577-512","PrincipalType":"Group","RightName":"Owns","IsInherited":false,"InheritanceHash":""},{"PrincipalSID":"S-1-5-21-497550768-2797716248-2627064577-512","PrincipalType":"Group","RightName":"GenericAll","IsInherited":false,"InheritanceHash":""},{"PrincipalSID":"FLUFFY.HTB-S-1-5-32-548","PrincipalType":"Group","RightName":"GenericAll","IsInherited":false,"InheritanceHash":""},{"PrincipalSID":"S-1-5-21-497550768-2797716248-2627064577-526","PrincipalType":"Group","RightName":"AddKeyCredentialLink","IsInherited":true,"InheritanceHash":""},{"PrincipalSID":"S-1-5-21-497550768-2797716248-2627064577-527","PrincipalType":"Group","RightName":"AddKeyCredentialLink","IsInherited":true,"InheritanceHash":""},{"PrincipalSID":"S-1-5-21-497550768-2797716248-2627064577-519","PrincipalType":"Group","RightName":"GenericAll","IsInherited":true,"InheritanceHash":""},{"PrincipalSID":"FLUFFY.HTB-S-1-5-32-544","PrincipalType":"Group","RightName":"GenericWrite","IsInherited":true,"InheritanceHash":""},{"PrincipalSID":"FLUFFY.HTB-S-1-5-32-544","PrincipalType":"Group","RightName":"WriteOwner","IsInherited":true,"InheritanceHash":""},{"PrincipalSID":"FLUFFY.HTB-S-1-5-32-544","PrincipalType":"Group","RightName":"AllExtendedRights","IsInherited":true,"InheritanceHash":""},{"PrincipalSID":"FLUFFY.HTB-S-1-5-32-544","PrincipalType":"Group","RightName":"WriteDacl","IsInherited":true,"InheritanceHash":""}],"AllowedToDelegate":[],"HasSIDHistory":[],"ContainedBy":{"ObjectIdentifier":"EA9BDA83-2E4A-4CCB-95E0-F0FAB9D74DE5","ObjectType":"Container"}},{"ObjectIdentifier":"S-1-5-21-497550768-2797716248-2627064577-1606","IsDeleted":false,"IsACLProtected":false,"Properties":{"domain":"FLUFFY.HTB","name":"J.FLEISCHMAN@FLUFFY.HTB","domainsid":"S-1-5-21-497550768-2797716248-2627064577","isaclprotected":false,"distinguishedname":"CN=JOEL FLEISCHMAN,CN=USERS,DC=FLUFFY,DC=HTB","highvalue":false,"description":null,"whencreated":1745064701,"sensitive":false,"dontreqpreauth":false,"passwordnotreqd":false,"unconstraineddelegation":false,"pwdneverexpires":true,"enabled":true,"trustedtoauth":false,"lastlogon":1747667639,"lastlogontimestamp":1756859618,"pwdlastset":1747406815,"serviceprincipalnames":[],"hasspn":false,"displayname":"Joel Fleischman","email":"","title":"","homedirectory":"","logonscript":"","useraccountcontrol":66048,"samaccountname":"j.fleischman","userpassword":"","unixpassword":"","unicodepassword":"","sfupassword":"","admincount":false,"supportedencryptiontypes":[],"sidhistory":[],"allowedtodelegate":[]},"PrimaryGroupSID":"S-1-5-21-497550768-2797716248-2627064577-513","SPNTargets":[],"UnconstrainedDelegation":false,"DomainSID":"S-1-5-21-497550768-2797716248-2627064577","Aces":[{"PrincipalSID":"S-1-5-21-497550768-2797716248-2627064577-512","PrincipalType":"Group","RightName":"Owns","IsInherited":false,"InheritanceHash":""},{"PrincipalSID":"S-1-5-21-497550768-2797716248-2627064577-512","PrincipalType":"Group","RightName":"GenericAll","IsInherited":false,"InheritanceHash":""},{"PrincipalSID":"FLUFFY.HTB-S-1-5-32-548","PrincipalType":"Group","RightName":"GenericAll","IsInherited":false,"InheritanceHash":""},{"PrincipalSID":"S-1-5-21-497550768-2797716248-2627064577-526","PrincipalType":"Group","RightName":"AddKeyCredentialLink","IsInherited":true,"InheritanceHash":""},{"PrincipalSID":"S-1-5-21-497550768-2797716248-2627064577-527","PrincipalType":"Group","RightName":"AddKeyCredentialLink","IsInherited":true,"InheritanceHash":""},{"PrincipalSID":"S-1-5-21-497550768-2797716248-2627064577-519","PrincipalType":"Group","RightName":"GenericAll","IsInherited":true,"InheritanceHash":""},{"PrincipalSID":"FLUFFY.HTB-S-1-5-32-544","PrincipalType":"Group","RightName":"GenericWrite","IsInherited":true,"InheritanceHash":""},{"PrincipalSID":"FLUFFY.HTB-S-1-5-32-544","PrincipalType":"Group","RightName":"WriteOwner","IsInherited":true,"InheritanceHash":""},{"PrincipalSID":"FLUFFY.HTB-S-1-5-32-544","PrincipalType":"Group","RightName":"AllExtendedRights","IsInherited":true,"InheritanceHash":""},{"PrincipalSID":"FLUFFY.HTB-S-1-5-32-544","PrincipalType":"Group","RightName":"WriteDacl","IsInherited":true,"InheritanceHash":""}],"AllowedToDelegate":[],"HasSIDHistory":[],"ContainedBy":{"ObjectIdentifier":"EA9BDA83-2E4A-4CCB-95E0-F0FAB9D74DE5","ObjectType":"Container"}},{"ObjectIdentifier":"FLUFFY.HTB-S-1-5-20","IsDeleted":false,"IsACLProtected":false,"Properties":{"domain":"","name":"NT AUTHORITY@FLUFFY.HTB","domainsid":"S-1-5-21-497550768-2797716248-2627064577","isaclprotected":false,"distinguishedname":"","highvalue":false,"description":null,"whencreated":0,"sensitive":false,"dontreqpreauth":false,"passwordnotreqd":false,"unconstraineddelegation":false,"pwdneverexpires":false,"enabled":false,"trustedtoauth":false,"lastlogon":0,"lastlogontimestamp":0,"pwdlastset":0,"serviceprincipalnames":[],"hasspn":false,"displayname":"","email":"","title":"","homedirectory":"","logonscript":"","useraccountcontrol":0,"samaccountname":"","userpassword":"","unixpassword":"","unicodepassword":"","sfupassword":"","admincount":false,"supportedencryptiontypes":[],"sidhistory":[],"allowedtodelegate":[]},"PrimaryGroupSID":"","SPNTargets":[],"UnconstrainedDelegation":false,"DomainSID":"","Aces":[],"AllowedToDelegate":[],"HasSIDHistory":[],"ContainedBy":{"ObjectIdentifier":"08865890-4E39-42AD-BBA9-AD03F179AD18","ObjectType":"Container"}}],"meta":{"methods":0,"type":"users","count":10,"version":6,"collectorversion":"RustHound-CE v2.4.0"}}