{"data":[{"Properties":{"domain":"FLUFFY.HTB","name":"DC01.FLUFFY.HTB","distinguishedname":"CN=DC01,OU=DOMAIN CONTROLLERS,DC=FLUFFY,DC=HTB","domainsid":"S-1-5-21-497550768-2797716248-2627064577","isaclprotected":false,"highvalue":false,"samaccountname":"DC01$","haslaps":false,"description":null,"whencreated":1744905602,"enabled":true,"unconstraineddelegation":true,"trustedtoauth":false,"lastlogon":1756859794,"lastlogontimestamp":1756858021,"pwdlastset":1747529382,"passwordnotreqd":false,"pwdneverexpires":false,"serviceprincipalnames":["Dfsr-12F9A27C-BF97-4787-9364-D31B6C55EB04/DC01.fluffy.htb","ldap/DC01.fluffy.htb/ForestDnsZones.fluffy.htb","ldap/DC01.fluffy.htb/DomainDnsZones.fluffy.htb","DNS/DC01.fluffy.htb","GC/DC01.fluffy.htb/fluffy.htb","RestrictedKrbHost/DC01.fluffy.htb","RestrictedKrbHost/DC01","RPC/0d4aff1c-992e-4755-96b3-f6395eff3d00._msdcs.fluffy.htb","HOST/DC01/FLUFFY","HOST/DC01.fluffy.htb/FLUFFY","HOST/DC01","HOST/DC01.fluffy.htb","HOST/DC01.fluffy.htb/fluffy.htb","E3514235-4B06-11D1-AB04-00C04FC2DCD2/0d4aff1c-992e-4755-96b3-f6395eff3d00/fluffy.htb","ldap/DC01/FLUFFY","ldap/0d4aff1c-992e-4755-96b3-f6395eff3d00._msdcs.fluffy.htb","ldap/DC01.fluffy.htb/FLUFFY","ldap/DC01","ldap/DC01.fluffy.htb","ldap/DC01.fluffy.htb/fluffy.htb"],"operatingsystem":"Windows Server 2019 Standard","sidhistory":[],"supportedencryptiontypes":["RC4-HMAC-MD5","AES128-CTS-HMAC-SHA1-96","AES256-CTS-HMAC-SHA1-96"]},"Aces":[{"PrincipalSID":"S-1-5-21-497550768-2797716248-2627064577-512","PrincipalType":"Group","RightName":"Owns","IsInherited":false,"InheritanceHash":""},{"PrincipalSID":"S-1-5-21-497550768-2797716248-2627064577-512","PrincipalType":"Group","RightName":"AllExtendedRights","IsInherited":false,"InheritanceHash":""},{"PrincipalSID":"S-1-5-21-497550768-2797716248-2627064577-512","PrincipalType":"Group","RightName":"GenericAll","IsInherited":false,"InheritanceHash":""},{"PrincipalSID":"S-1-5-21-497550768-2797716248-2627064577-526","PrincipalType":"Group","RightName":"AddKeyCredentialLink","IsInherited":true,"InheritanceHash":""},{"PrincipalSID":"S-1-5-21-497550768-2797716248-2627064577-527","PrincipalType":"Group","RightName":"AddKeyCredentialLink","IsInherited":true,"InheritanceHash":""},{"PrincipalSID":"S-1-5-21-497550768-2797716248-2627064577-519","PrincipalType":"Group","RightName":"GenericAll","IsInherited":true,"InheritanceHash":""},{"PrincipalSID":"FLUFFY.HTB-S-1-5-32-544","PrincipalType":"Group","RightName":"GenericWrite","IsInherited":true,"InheritanceHash":""},{"PrincipalSID":"FLUFFY.HTB-S-1-5-32-544","PrincipalType":"Group","RightName":"WriteOwner","IsInherited":true,"InheritanceHash":""},{"PrincipalSID":"FLUFFY.HTB-S-1-5-32-544","PrincipalType":"Group","RightName":"AllExtendedRights","IsInherited":true,"InheritanceHash":""},{"PrincipalSID":"FLUFFY.HTB-S-1-5-32-544","PrincipalType":"Group","RightName":"WriteDacl","IsInherited":true,"InheritanceHash":""}],"ObjectIdentifier":"S-1-5-21-497550768-2797716248-2627064577-1000","IsDeleted":false,"IsACLProtected":false,"ContainedBy":{"ObjectIdentifier":"1EDBCCB9-DBF1-4FCE-AE2A-BFCB5A156453","ObjectType":"OU"},"PrimaryGroupSID":"S-1-5-21-497550768-2797716248-2627064577-516","AllowedToDelegate":[],"AllowedToAct":[],"HasSIDHistory":[],"DumpSMSAPassword":[],"Sessions":{"Results":[],"Collected":true,"FailureReason":null},"PrivilegedSessions":{"Results":[],"Collected":true,"FailureReason":null},"RegistrySessions":{"Results":[],"Collected":true,"FailureReason":null},"LocalGroups":[],"UserRights":[],"DCRegistryData":{"CertificateMappingMethods":null,"StrongCertificateBindingEnforcement":null},"IsDC":true,"UnconstrainedDelegation":true,"DomainSID":"S-1-5-21-497550768-2797716248-2627064577","Status":null}],"meta":{"methods":0,"type":"computers","count":1,"version":6,"collectorversion":"RustHound-CE v2.4.0"}}