{"data":[{"Properties":{"domain":"FLUFFY.HTB","name":"FLUFFY-DC01-CA@FLUFFY.HTB","distinguishedname":"CN=FLUFFY-DC01-CA,CN=ENROLLMENT SERVICES,CN=PUBLIC KEY SERVICES,CN=SERVICES,CN=CONFIGURATION,DC=FLUFFY,DC=HTB","domainsid":"S-1-5-21-497550768-2797716248-2627064577","isaclprotected":false,"description":null,"whencreated":1744906216,"flags":"","caname":"FLUFFY-DC01-CA","dnshostname":"DC01.fluffy.htb","certthumbprint":"5A359CF86FF5C22818C70CC23B71A47A2F2A715E","certname":"5A359CF86FF5C22818C70CC23B71A47A2F2A715E","certchain":["5A359CF86FF5C22818C70CC23B71A47A2F2A715E"],"hasbasicconstraints":false,"basicconstraintpathlength":0,"unresolvedpublishedtemplates":[],"casecuritycollected":true,"enrollmentagentrestrictionscollected":false,"isuserspecifiessanenabledcollected":false,"roleseparationenabledcollected":false},"HostingComputer":"S-1-5-21-497550768-2797716248-2627064577-1000","CARegistryData":{"CASecurity":{"Data":[{"PrincipalSID":"S-1-5-21-497550768-2797716248-2627064577-1000-544","PrincipalType":"LocalGroup","RightName":"Owns","IsInherited":false,"InheritanceHash":""},{"PrincipalSID":"S-1-5-21-497550768-2797716248-2627064577-517","PrincipalType":"","RightName":"Enroll","IsInherited":false,"InheritanceHash":""},{"PrincipalSID":"S-1-5-21-497550768-2797716248-2627064577-519","PrincipalType":"Group","RightName":"ManageCertificates","IsInherited":false,"InheritanceHash":""},{"PrincipalSID":"S-1-5-21-497550768-2797716248-2627064577-519","PrincipalType":"Group","RightName":"ManageCA","IsInherited":false,"InheritanceHash":""},{"PrincipalSID":"S-1-5-21-497550768-2797716248-2627064577-1000-544","PrincipalType":"LocalGroup","RightName":"ManageCertificates","IsInherited":false,"InheritanceHash":""},{"PrincipalSID":"S-1-5-21-497550768-2797716248-2627064577-1000-544","PrincipalType":"LocalGroup","RightName":"ManageCA","IsInherited":false,"InheritanceHash":""},{"PrincipalSID":"S-1-5-21-497550768-2797716248-2627064577-519","PrincipalType":"Group","RightName":"ManageCertificates","IsInherited":false,"InheritanceHash":""},{"PrincipalSID":"S-1-5-21-497550768-2797716248-2627064577-519","PrincipalType":"Group","RightName":"ManageCA","IsInherited":false,"InheritanceHash":""},{"PrincipalSID":"S-1-5-21-497550768-2797716248-2627064577-512","PrincipalType":"Group","RightName":"ManageCA","IsInherited":false,"InheritanceHash":""}],"Collected":true,"FailureReason":null},"EnrollmentAgentRestrictions":{"Restrictions":[],"Collected":true,"FailureReason":null},"IsUserSpecifiesSanEnabled":{"Value":false,"Collected":true,"FailureReason":null},"RoleSeparationEnabled":{"Value":false,"Collected":true,"FailureReason":null}},"EnabledCertTemplates":[{"ObjectIdentifier":"01903028-696C-4AA3-A273-85AAE1CDF264","ObjectType":"CertTemplate"},{"ObjectIdentifier":"142836B4-EAE5-4B93-9602-8B9BDD6591FD","ObjectType":"CertTemplate"},{"ObjectIdentifier":"20A46488-AFBB-4881-8846-18FDF3AF895A","ObjectType":"CertTemplate"},{"ObjectIdentifier":"87D56395-929A-4C5C-9EA3-02C1F3AA344F","ObjectType":"CertTemplate"},{"ObjectIdentifier":"3D462BDC-C000-4D57-97D9-904BEA8711C3","ObjectType":"CertTemplate"},{"ObjectIdentifier":"EF7032C4-015E-4ACF-A3DE-F90716EB1CF6","ObjectType":"CertTemplate"},{"ObjectIdentifier":"95238BB1-EE32-4356-B986-B4B610E40E04","ObjectType":"CertTemplate"},{"ObjectIdentifier":"D9925795-E75D-4FB3-93E8-74E87F15EEE4","ObjectType":"CertTemplate"},{"ObjectIdentifier":"C3208C24-04C7-47AA-A971-7AB9B1AAD151","ObjectType":"CertTemplate"},{"ObjectIdentifier":"B2398262-58FF-43D0-9B32-513985F2EBF0","ObjectType":"CertTemplate"},{"ObjectIdentifier":"6DE0D511-6595-487E-BF6D-8D5CB4B40622","ObjectType":"CertTemplate"}],"Aces":[{"PrincipalSID":"S-1-5-21-497550768-2797716248-2627064577-519","PrincipalType":"Group","RightName":"Owns","IsInherited":false,"InheritanceHash":""},{"PrincipalSID":"S-1-5-21-497550768-2797716248-2627064577-517","PrincipalType":"Group","RightName":"Enroll","IsInherited":false,"InheritanceHash":""},{"PrincipalSID":"S-1-5-21-497550768-2797716248-2627064577-519","PrincipalType":"Group","RightName":"GenericWrite","IsInherited":false,"InheritanceHash":""},{"PrincipalSID":"S-1-5-21-497550768-2797716248-2627064577-519","PrincipalType":"Group","RightName":"WriteOwner","IsInherited":false,"InheritanceHash":""},{"PrincipalSID":"S-1-5-21-497550768-2797716248-2627064577-519","PrincipalType":"Group","RightName":"WriteDacl","IsInherited":false,"InheritanceHash":""},{"PrincipalSID":"S-1-5-21-497550768-2797716248-2627064577-519","PrincipalType":"Group","RightName":"ManageCA","IsInherited":false,"InheritanceHash":""},{"PrincipalSID":"S-1-5-21-497550768-2797716248-2627064577-519","PrincipalType":"Group","RightName":"ManageCertificates","IsInherited":false,"InheritanceHash":""},{"PrincipalSID":"S-1-5-21-497550768-2797716248-2627064577-1000","PrincipalType":"Computer","RightName":"GenericWrite","IsInherited":false,"InheritanceHash":""},{"PrincipalSID":"S-1-5-21-497550768-2797716248-2627064577-1000","PrincipalType":"Computer","RightName":"WriteOwner","IsInherited":false,"InheritanceHash":""},{"PrincipalSID":"S-1-5-21-497550768-2797716248-2627064577-1000","PrincipalType":"Computer","RightName":"WriteDacl","IsInherited":false,"InheritanceHash":""},{"PrincipalSID":"S-1-5-21-497550768-2797716248-2627064577-1000","PrincipalType":"Computer","RightName":"ManageCA","IsInherited":false,"InheritanceHash":""},{"PrincipalSID":"S-1-5-21-497550768-2797716248-2627064577-1000","PrincipalType":"Computer","RightName":"ManageCertificates","IsInherited":false,"InheritanceHash":""},{"PrincipalSID":"S-1-5-21-497550768-2797716248-2627064577-519","PrincipalType":"Group","RightName":"GenericAll","IsInherited":true,"InheritanceHash":""},{"PrincipalSID":"S-1-5-21-497550768-2797716248-2627064577-512","PrincipalType":"Group","RightName":"GenericWrite","IsInherited":true,"InheritanceHash":""},{"PrincipalSID":"S-1-5-21-497550768-2797716248-2627064577-512","PrincipalType":"Group","RightName":"WriteOwner","IsInherited":true,"InheritanceHash":""},{"PrincipalSID":"S-1-5-21-497550768-2797716248-2627064577-512","PrincipalType":"Group","RightName":"WriteDacl","IsInherited":true,"InheritanceHash":""},{"PrincipalSID":"S-1-5-21-497550768-2797716248-2627064577-512","PrincipalType":"Group","RightName":"ManageCA","IsInherited":true,"InheritanceHash":""}],"ObjectIdentifier":"D90880FD-2A8F-43C4-8E12-57C27C80E5AD","IsDeleted":false,"IsACLProtected":false,"ContainedBy":{"ObjectIdentifier":"364446A0-0D71-478F-9CFE-D2096F069ED0","ObjectType":"Container"}}],"meta":{"methods":0,"type":"enterprisecas","count":1,"version":6,"collectorversion":"RustHound-CE v2.4.0"}}