{"data":[{"Properties":{"domain":"FLUFFY.HTB","name":"NTAUTHCERTIFICATES@FLUFFY.HTB","distinguishedname":"CN=NTAUTHCERTIFICATES,CN=PUBLIC KEY SERVICES,CN=SERVICES,CN=CONFIGURATION,DC=FLUFFY,DC=HTB","domainsid":"S-1-5-21-497550768-2797716248-2627064577","isaclprotected":false,"certthumbprints":["5A359CF86FF5C22818C70CC23B71A47A2F2A715E"],"description":null,"whencreated":1744906216},"DomainSID":"S-1-5-21-497550768-2797716248-2627064577","Aces":[{"PrincipalSID":"S-1-5-21-497550768-2797716248-2627064577-519","PrincipalType":"Group","RightName":"Owns","IsInherited":false,"InheritanceHash":""},{"PrincipalSID":"S-1-5-21-497550768-2797716248-2627064577-512","PrincipalType":"Group","RightName":"GenericAll","IsInherited":false,"InheritanceHash":""},{"PrincipalSID":"S-1-5-21-497550768-2797716248-2627064577-519","PrincipalType":"Group","RightName":"GenericAll","IsInherited":false,"InheritanceHash":""},{"PrincipalSID":"FLUFFY.HTB-S-1-5-32-544","PrincipalType":"Group","RightName":"GenericAll","IsInherited":false,"InheritanceHash":""},{"PrincipalSID":"S-1-5-21-497550768-2797716248-2627064577-519","PrincipalType":"Group","RightName":"GenericAll","IsInherited":true,"InheritanceHash":""},{"PrincipalSID":"S-1-5-21-497550768-2797716248-2627064577-512","PrincipalType":"Group","RightName":"GenericWrite","IsInherited":true,"InheritanceHash":""},{"PrincipalSID":"S-1-5-21-497550768-2797716248-2627064577-512","PrincipalType":"Group","RightName":"WriteOwner","IsInherited":true,"InheritanceHash":""},{"PrincipalSID":"S-1-5-21-497550768-2797716248-2627064577-512","PrincipalType":"Group","RightName":"WriteDacl","IsInherited":true,"InheritanceHash":""}],"ObjectIdentifier":"95B03310-60A5-43BE-86BC-E01C33ED5E56","IsDeleted":false,"IsACLProtected":false,"ContainedBy":{"ObjectIdentifier":"6A499426-35DC-4738-B181-90C34C0E9CC5","ObjectType":"Container"}}],"meta":{"methods":0,"type":"ntauthstores","count":1,"version":6,"collectorversion":"RustHound-CE v2.4.0"}}